level_id,level_index,role,waves,start_spirit,threat_budget_coef,calib,hp_multiplier,target_hp,sim_hp_mean,sim_hp_min,sim_hp_max,fail_seeds,star2_share,star3_share,clean_waves,early5_loss_share,duration_min,sec_per_wave,boss_loops,spirit_earned,spirit_left_end,upgrades_bought,copies_bought,transforms,guaranteed_offers,squad,meta_levels,meta_avg,reward,sim_hp_at_coef_1,sim_hp_one_copy,sim_hp_proposed_B,sim_hp_auto_spell,sim_hp_focus
prologue_01,1,教学,3,150,0.55,ok,1.0,18.0,19.0,18.0,20.0,0,100%,20%,2.6,100%,1.2,24.1,0,350,120,2,0,0,0,reimu,reimu:1,1,50.0,-16.8,19.0,19.0,19.0,19.0
prologue_02,2,教学,4,150,0.50,ok,1.15,17.0,17.6,17.0,18.0,0,100%,0%,3.6,100%,1.6,24.1,0,418,118,2,0,0,0,reimu|marisa,reimu:1|marisa:1,1,120.0,-28.8,17.6,18.8,17.6,17.6
prologue_03,3,考验,10,150,0.70,ok,1.3,16.0,15.0,15.0,15.0,0,100%,0%,9,100%,4.6,27.6,0,1440,50,4,3,0,0,reimu|marisa,reimu:2|marisa:2,2,190.0,-7.2,11.8,20.0,15.0,15.0
ch1_01,4,教学,10,150,0.60,ok,1.45,14.0,13.0,10.0,15.0,0,100%,0%,8.2,97%,4.9,29.3,0,1270,170,4,2,0,0,reimu|marisa,reimu:3|marisa:2,2.5,260.0,-61.6,4.2,18.4,13.0,13.0
ch1_02,5,练习,11,150,0.65,ok,1.6,13.0,13.4,11.0,16.0,0,100%,0%,8.2,79%,5.6,30.8,0,1541,71,4,3,0.4,0.4,reimu|marisa,reimu:4|marisa:3,3.5,330.0,-19.0,-14.4,17.0,13.4,13.4
ch1_03,6,考验,12,150,0.55,ok,1.75,12.0,10.8,3.0,15.0,0,80%,0%,8.4,100%,5.8,29.0,0,1526,76,4,3,0.2,0.4,reimu|marisa,reimu:5|marisa:5,5,400.0,-37.0,-3.2,14.8,10.8,10.8
ch1_04,7,Boss,15,150,0.20,unreachable,1.9,11.0,-0.4,-3.0,2.0,4,0%,0%,14.2,0%,5.6,22.5,2,1170,70,4,2,0.2,0.2,reimu|marisa,reimu:6|marisa:6,6,705.0,-54.8,-0.4,4.0,-2.2,-0.4
ch2_01,8,教学,11,150,1.20,ok,2.05,14.0,14.8,11.0,18.0,0,100%,0%,10.6,100%,6.3,34.2,0,2449,124,10,4,0.6,0.8,reimu|cirno|marisa|yukari|meiling,reimu:8|cirno:7|marisa:7|yukari:7|meiling:7,7.2,540.0,18.0,14.8,19.6,14.8,14.8
ch2_02,9,练习,12,150,1.00,ok,2.2,13.0,13.2,4.0,16.0,0,80%,0%,11.8,100%,6.6,33.1,0,2239,85,10,3.8,0.8,0.8,reimu|cirno|marisa|yukari|meiling,reimu:8|cirno:7|marisa:8|yukari:8|meiling:7,7.6,610.0,13.2,13.2,19.2,13.2,13.2
ch2_03,10,考验,13,150,0.85,ok,2.35,12.0,12.2,8.0,15.0,0,80%,0%,12.4,100%,7.0,32.5,0,2150,80,10,3,0.6,0.6,reimu|cirno|marisa|yukari|meiling,reimu:9|cirno:8|marisa:8|yukari:8|meiling:8,8.2,680.0,11.6,12.2,19.0,12.2,12.0
ch2_04,11,Boss,15,150,0.30,unreachable,2.5,11.0,9.4,6.0,13.0,0,60%,0%,14.8,7%,6.2,24.9,1,1351,114,10,0,0.2,0.4,reimu|cirno|marisa|yukari|meiling,reimu:9|cirno:9|marisa:9|yukari:9|meiling:8,8.8,1125.0,-13.2,9.4,10.6,9.8,9.6
ch3_01,12,教学,12,150,0.75,ok,2.65,14.0,13.8,11.0,18.0,0,100%,0%,11.8,100%,6.3,31.4,0,1762,52,12,1,0.4,0.4,reimu|cirno|marisa|yukari|sakuya|meiling,reimu:10|cirno:9|marisa:10|yukari:10|sakuya:9|meiling:9,9.5,820.0,2.2,13.8,20.0,13.8,13.6
ch3_02,13,练习,13,150,0.80,ok,2.8,13.0,12.4,9.0,16.0,0,80%,0%,12.6,95%,7.1,32.8,0,2026,56,12,2,0.4,0.4,reimu|cirno|marisa|yukari|sakuya|meiling,reimu:10|cirno:10|marisa:10|yukari:10|sakuya:10|meiling:10,10,890.0,-3.0,12.4,20.0,12.4,15.8
ch3_03,14,考验,14,150,0.80,ok,2.95,12.0,13.2,12.0,15.0,0,100%,0%,13.6,94%,7.7,33.0,0,2232,152,12,2,0.8,0.8,reimu|cirno|marisa|yukari|sakuya|meiling,reimu:11|cirno:10|marisa:11|yukari:10|sakuya:10|meiling:10,10.33,960.0,-7.0,13.2,20.0,13.2,13.6
ch3_04,15,Boss,16,150,0.30,unreachable,3.1,10.5,7.2,0,13.0,1,60%,0%,16,0%,6.9,25.9,1.4,1439,72,10.8,0,1,1.4,reimu|cirno|marisa|yukari|sakuya|meiling,reimu:11|cirno:11|marisa:11|yukari:11|sakuya:11|meiling:11,11,1545.0,-19.6,7.2,11.2,2.8,6.8
ch4_01,16,教学,12,150,0.70,ok,3.25,14.0,15.0,11.0,20.0,0,100%,20%,11.6,100%,5.8,29.0,0,1622,42,12,0,0.6,0.6,reimu|cirno|marisa|yukari|sakuya|meiling|keine|mokou,reimu:12|cirno:11|marisa:12|yukari:12|sakuya:12|meiling:11|keine:11|mokou:11,11.5,1100.0,1.2,15.0,20.0,15.0,14.8
ch4_02,17,练习,13,150,0.85,ok,3.4,13.0,12.2,8.0,14.0,0,80%,0%,12.6,95%,6.7,30.9,0,1992,112,15,0,0.8,0.8,reimu|cirno|marisa|yukari|sakuya|meiling|keine|mokou,reimu:12|cirno:12|marisa:12|yukari:12|sakuya:12|meiling:12|keine:12|mokou:12,12,1170.0,-3.2,12.2,20.0,12.2,14.0
ch4_03,18,考验,14,150,0.70,ok,3.55,12.0,12.6,10.0,16.0,0,100%,0%,13.4,100%,6.8,29.2,0,1871,91,14,0,0.6,0.6,reimu|cirno|marisa|yukari|sakuya|meiling|keine|mokou,reimu:13|cirno:12|marisa:13|yukari:13|sakuya:12|meiling:12|keine:12|mokou:12,12.38,1240.0,-7.4,12.6,20.0,12.6,13.4
ch4_04,19,Boss,16,150,0.50,unreachable,3.7,10.5,7.0,1.0,12.0,0,20%,0%,15.8,31%,7.5,28.3,1.4,1916,69,14.6,0,0.6,1,reimu|cirno|marisa|yukari|sakuya|meiling|keine|mokou,reimu:13|cirno:13|marisa:13|yukari:13|sakuya:13|meiling:12|keine:13|mokou:12,12.75,1965.0,-24.8,7.0,20.0,7.6,8.6
ch5_01,20,教学,13,150,0.80,ok,3.85,13.5,13.8,10.0,18.0,0,100%,0%,12.8,87%,6.9,31.9,0,1913,63,14.8,0,1,1,reimu|cirno|marisa|yukari|sanae|sakuya|meiling|keine,reimu:14|cirno:13|marisa:14|yukari:14|sanae:13|sakuya:14|meiling:13|keine:13,13.5,1380.0,-13.0,13.8,20.0,13.8,15.8
ch5_02,21,练习,14,150,0.70,ok,4.0,12.5,13.6,7.0,18.0,0,80%,0%,13.8,100%,7.2,30.7,0,1875,85,14.2,0,0.2,0.2,reimu|cirno|marisa|yukari|sanae|sakuya|meiling|keine,reimu:14|cirno:14|marisa:14|yukari:14|sanae:14|sakuya:14|meiling:13|keine:14,13.88,1450.0,-13.6,13.6,20.0,13.2,15.0
ch5_03,22,考验,15,150,0.50,ok,4.15,11.5,9.8,8.0,13.0,0,40%,0%,14.4,100%,7.1,28.3,0,1555,85,11,0,1,1,reimu|cirno|marisa|yukari|sanae|sakuya|meiling|keine,reimu:15|cirno:14|marisa:15|yukari:15|sanae:14|sakuya:14|meiling:14|keine:14,14.38,1520.0,-10.8,9.8,20.0,9.8,12.6
ch5_04,23,Boss,16,150,0.20,unreachable,4.3,10.5,8.6,1.0,13.0,0,60%,0%,16,3%,6.1,22.9,1.2,1101,61,6.2,0,0.6,1,reimu|cirno|marisa|sanae|sakuya|meiling|keine|mokou,reimu:15|cirno:15|marisa:15|sanae:15|sakuya:15|meiling:14|keine:15|mokou:13,14.62,2385.0,-9.2,8.6,11.8,9.0,11.4
final_01,24,Boss,18,150,0.65,ok,4.45,10.0,12.4,8.0,16.0,0,80%,0%,16.8,97%,9.6,32.2,1.4,2828,49,16,3,1,1.2,reimu|cirno|marisa|yukari|sanae|sakuya|meiling|keine,reimu:16|cirno:15|marisa:16|yukari:15|sanae:15|sakuya:15|meiling:15|keine:15,15.25,2490.0,-13.2,12.4,20.0,7.8,16.6
