level_id,variant,target,coef,hp_minus,min_minus,hp_base,min_base,hp_plus,min_plus
prologue_01,现行规则,18.0,0.68,19.4,19.0,18.4,17.0,17.2,15.0
prologue_02,现行规则,17.0,0.69,19.6,19.0,17.0,16.0,10.8,4.0
prologue_03,现行规则,16.0,0.68,20.0,20.0,15.6,9.0,6.8,2.0
ch1_01,现行规则,14.0,0.67,20.0,20.0,13.4,7.0,-1.4,-7.0
ch1_02,现行规则,13.0,0.62,13.4,12.0,14.6,13.0,8.4,5.0
ch1_03,主版本（含 8 只硬残影）,12.0,0.75,18.0,17.0,14.8,13.0,11.4,9.0
ch1_03,只有小和快（对照）,12.0,0.76,18.4,18.0,13.4,10.0,9.6,6.0
ch1_04,现行规则,11.0,0.71,16.8,6.0,17.4,14.0,9.2,-5.0
ch1_04,Boss 修正,11.0,0.71,16.8,6.0,17.4,14.0,9.2,-5.0
ch2_01,现行规则,14.0,0.89,15.8,12.0,12.8,9.0,13.4,11.0
ch2_02,现行规则,13.0,0.79,16.2,12.0,13.6,5.0,8.4,1.0
ch2_03,现行规则,12.0,0.64,18.0,15.0,12.2,7.0,7.4,3.0
ch2_04,现行规则,11.0,0.20,9.6,8.0,20.0,20.0,18.8,18.0
ch2_04,Boss 修正,11.0,0.70,11.4,2.0,10.0,-3.0,5.4,0
ch3_01,现行规则,14.0,0.68,16.8,11.0,16.8,12.0,9.0,4.0
ch3_02,现行规则,13.0,0.69,13.6,11.0,13.8,8.0,-0.2,-11.0
ch3_03,现行规则,12.0,0.54,16.6,16.0,12.2,11.0,12.4,11.0
ch3_04,现行规则,10.5,0.40,17.4,14.0,15.0,10.0,6.6,0
ch3_04,Boss 修正,10.5,0.64,12.0,7.0,11.4,7.0,7.2,-3.0
ch4_01,现行规则,14.0,0.65,14.0,11.0,15.0,5.0,8.4,0
ch4_02,现行规则,13.0,0.51,16.8,13.0,11.2,9.0,13.0,12.0
ch4_03,现行规则,12.0,0.51,17.0,15.0,10.8,7.0,9.0,3.0
ch4_04,现行规则,10.5,0.40,14.6,12.0,10.0,6.0,4.0,1.0
ch4_04,Boss 修正,10.5,0.61,9.4,7.0,11.8,11.0,8.0,2.0
ch5_01,现行规则,13.5,0.50,14.4,10.0,13.8,13.0,13.6,12.0
ch5_02,现行规则,12.5,0.49,16.4,13.0,16.0,12.0,9.2,6.0
ch5_03,现行规则,11.5,0.48,12.8,9.0,12.2,6.0,5.8,1.0
ch5_04,现行规则,10.5,0.20,15.6,10.0,19.6,18.0,19.8,19.0
ch5_04,Boss 修正,10.5,0.51,16.2,11.0,10.6,7.0,3.0,-11.0
final_01,现行规则,10.0,0.51,17.6,13.0,9.6,4.0,9.4,-1.0
final_01,Boss 修正,10.0,0.51,17.6,13.0,9.0,4.0,9.4,-1.0
