level_id,target,even_hp,even_meta,focus_hp,focus_min,focus_fail_seeds,focus_meta
prologue_01,18.0,18.4,reimu:1,18.4,17.0,0,reimu:1
prologue_02,17.0,17.0,reimu:1|marisa:1,17.0,16.0,0,reimu:1|marisa:1
prologue_03,16.0,15.6,reimu:2|marisa:2,15.6,9.0,0,reimu:2|marisa:2
ch1_01,14.0,13.4,reimu:3|marisa:2,13.4,7.0,0,reimu:3|marisa:2
ch1_02,13.0,14.6,reimu:4|cirno:3|marisa:3,14.6,13.0,0,reimu:4|cirno:3|marisa:3
ch1_03,12.0,14.8,reimu:5|cirno:3|marisa:5,15.0,13.0,0,reimu:5|cirno:4|marisa:4
ch1_04,11.0,-0.4,reimu:6|cirno:3|marisa:6,-0.6,-1.0,5,reimu:5|cirno:5|marisa:5
ch2_01,14.0,12.8,reimu:8|cirno:3|marisa:7|yukari:6,13.0,9.0,0,reimu:7|cirno:6|marisa:6|yukari:6
ch2_02,13.0,13.6,reimu:8|cirno:7|marisa:7|yukari:7|meiling:7,8.6,-4.0,1,reimu:7|cirno:6|marisa:7|yukari:7|meiling:6
ch2_03,12.0,12.2,reimu:8|cirno:7|marisa:8|yukari:8|meiling:7,11.8,7.0,0,reimu:8|cirno:6|marisa:8|yukari:8|meiling:6
ch2_04,11.0,11.8,reimu:9|cirno:8|marisa:8|yukari:8|meiling:8,11.8,10.0,0,reimu:9|cirno:6|marisa:9|yukari:9|meiling:6
ch3_01,14.0,16.8,reimu:9|cirno:9|marisa:9|yukari:9|sakuya:9|meiling:9,17.2,13.0,0,reimu:11|cirno:6|marisa:10|yukari:10|sakuya:8|meiling:6
ch3_02,13.0,13.8,reimu:10|cirno:9|marisa:10|yukari:10|sakuya:9|meiling:9|keine:9,11.4,7.0,0,reimu:11|cirno:6|marisa:11|yukari:11|sakuya:8|meiling:6|keine:8
ch3_03,12.0,12.2,reimu:10|cirno:10|marisa:10|yukari:10|sakuya:10|meiling:9|keine:10,13.4,11.0,0,reimu:12|cirno:6|marisa:12|yukari:12|sakuya:8|meiling:6|keine:8
ch3_04,10.5,8.4,reimu:11|cirno:10|marisa:11|yukari:11|sakuya:10|meiling:10|keine:10,8.8,7.0,0,reimu:13|cirno:6|marisa:13|yukari:13|sakuya:8|meiling:6|keine:8
ch4_01,14.0,15.0,reimu:12|cirno:11|marisa:11|yukari:11|sakuya:11|meiling:11|keine:11|mokou:11,16.8,15.0,0,reimu:15|cirno:6|marisa:14|yukari:14|sakuya:8|meiling:6|keine:8|mokou:10
ch4_02,13.0,11.2,reimu:12|cirno:11|marisa:12|yukari:12|sakuya:12|meiling:11|keine:11|mokou:11,11.6,10.0,0,reimu:15|cirno:6|marisa:15|yukari:15|sakuya:8|meiling:6|keine:8|mokou:10
ch4_03,12.0,10.8,reimu:12|cirno:12|marisa:12|yukari:12|sakuya:12|meiling:12|keine:12|mokou:11,10.2,7.0,0,reimu:16|cirno:6|marisa:16|yukari:16|sakuya:8|meiling:6|keine:8|mokou:10
ch4_04,10.5,0.2,reimu:13|cirno:12|marisa:13|yukari:13|sakuya:12|meiling:12|keine:12|mokou:12,0.8,-12.0,3,reimu:17|cirno:6|marisa:17|yukari:17|sakuya:8|meiling:6|keine:8|mokou:10
ch5_01,13.5,13.8,reimu:13|cirno:13|marisa:13|yukari:13|sanae:13|sakuya:13|meiling:13|keine:13,14.4,12.0,0,reimu:19|cirno:6|marisa:18|yukari:18|sanae:11|sakuya:8|meiling:6|keine:8
ch5_02,12.5,16.0,reimu:14|cirno:13|marisa:14|yukari:14|sanae:13|sakuya:14|meiling:13|keine:13,20.0,20.0,0,reimu:19|cirno:6|marisa:19|yukari:19|sanae:11|sakuya:8|meiling:6|keine:8
ch5_03,11.5,12.2,reimu:14|cirno:14|marisa:14|yukari:14|sanae:14|sakuya:14|meiling:14|keine:14,15.6,12.0,0,reimu:20|cirno:8|marisa:20|yukari:20|sanae:11|sakuya:8|meiling:7|keine:8
ch5_04,10.5,-0.6,reimu:15|cirno:14|marisa:15|yukari:15|sanae:14|sakuya:15|meiling:14|keine:14,3.2,-1.0,2,reimu:20|cirno:11|marisa:20|yukari:20|sanae:11|sakuya:11|meiling:10|keine:10
final_01,10.0,9.0,reimu:16|cirno:15|marisa:15|yukari:15|sanae:15|sakuya:15|meiling:15|keine:15,10.6,7.0,0,reimu:20|cirno:13|marisa:20|yukari:20|sanae:14|sakuya:14|meiling:13|keine:13
