level_id,wave,budget,n_basic,n_fast,n_armored,boss,enemy_hp_basic,wave_sec,avg_leaked,avg_hp_lost,buff_pick
prologue_01,1,7.7,7,0,0,,60,19.6,0,0.0,
prologue_01,2,9.9,10,0,0,,60,28.7,0,0.6,
prologue_01,3,12.1,12,0,0,,60,24.0,0.4,0.4,
prologue_02,1,7.0,7,0,0,,69,25.1,0,0.0,
prologue_02,2,9.0,9,0,0,,69,31.2,0.4,2.4,
prologue_02,3,11.0,11,0,0,,69,20.5,0,0.0,
prologue_02,4,13.0,13,0,0,,69,19.5,0,0.0,
prologue_03,1,9.8,9,0,0,,78,31.0,0,0.0,
prologue_03,2,12.6,13,0,0,,78,31.6,3,5.0,
prologue_03,3,15.4,15,0,0,,78,26.5,0,0.0,
prologue_03,4,18.2,18,0,0,,78,30.7,0,0.0,
prologue_03,5,21.0,21,0,0,,78,27.1,0,0.0,是
prologue_03,6,23.8,24,0,0,,78,26.4,0,0.0,
prologue_03,7,26.6,27,0,0,,78,25.2,0,0.0,
prologue_03,8,29.4,29,0,0,,78,26.8,0,0.0,
prologue_03,9,32.2,32,0,0,,78,28.1,0,0.0,
prologue_03,10,35.0,35,0,0,,78,23.0,0,0.0,
ch1_01,1,8.4,8,0,0,,87,30.7,0.6,1.6,
ch1_01,2,10.8,11,0,0,,87,32.0,4.2,5.0,
ch1_01,3,13.2,13,0,0,,87,27.4,0,0.0,
ch1_01,4,15.6,15,0,0,,87,29.7,0,0.0,
ch1_01,5,18.0,19,0,0,,87,33.8,0,0.2,是
ch1_01,6,20.4,14,6,0,,87,30.0,0.2,0.2,
ch1_01,7,22.8,16,6,0,,87,27.9,0,0.0,
ch1_01,8,25.2,17,8,0,,87,27.7,0,0.0,
ch1_01,9,27.6,20,8,0,,87,28.0,0,0.0,
ch1_01,10,30.0,21,9,0,,87,25.5,0,0.0,
ch1_02,1,9.1,4,4,0,,96,30.5,0.2,0.6,
ch1_02,2,11.7,6,6,0,,96,31.4,2.6,3.8,
ch1_02,3,14.3,7,7,0,,96,28.3,0,0.2,
ch1_02,4,16.9,9,9,0,,96,32.4,0.6,0.8,
ch1_02,5,19.5,9,9,0,,96,31.3,0.8,0.2,是
ch1_02,6,22.1,11,11,0,,96,31.9,1,1.6,
ch1_02,7,24.7,13,13,0,,96,29.7,0,0.0,
ch1_02,8,27.3,13,13,0,,96,31.1,0,0.0,
ch1_02,9,29.9,15,15,0,,96,31.8,0,0.0,
ch1_02,10,32.5,17,17,0,,96,32.5,0,-0.6,是
ch1_02,11,35.1,17,17,0,,96,27.8,0,0.0,
ch1_03,1,7.7,3,4,0,,105,28.3,2.8,2.8,
ch1_03,2,9.9,4,6,0,,105,31.3,3.4,3.4,
ch1_03,3,12.1,4,7,0,,105,28.8,2,2.0,
ch1_03,4,14.3,6,9,0,,105,29.9,0.2,0.2,
ch1_03,5,16.5,7,10,0,,105,29.4,1.4,0.8,是
ch1_03,6,18.7,7,11,0,,105,28.3,0,0.0,
ch1_03,7,20.9,9,13,0,,105,30.5,0,0.0,
ch1_03,8,23.1,9,13,0,,105,29.4,0,0.0,
ch1_03,9,25.3,10,16,0,,105,30.1,0,0.0,
ch1_03,10,27.5,11,16,0,,105,29.0,0,0.0,是
ch1_03,11,29.7,12,18,0,,105,27.9,0,0.0,
ch1_03,12,31.9,13,19,0,,105,25.7,0,0.0,
ch1_04,1,2.8,1,1,0,,114,16.2,0,0.0,
ch1_04,2,3.6,2,1,0,,114,19.6,0,0.0,
ch1_04,3,4.4,3,2,0,,114,22.2,0,0.0,
ch1_04,4,5.2,3,2,0,,114,21.1,0,0.0,
ch1_04,5,6.0,4,2,0,琪露诺,114,20.8,0,0.0,是
ch1_04,6,6.8,4,3,0,,114,28.3,0.2,2.2,
ch1_04,7,7.6,4,3,0,,114,25.6,0,8.0,
ch1_04,8,8.4,5,3,0,,114,22.9,0.6,10.6,
ch1_04,9,9.2,6,4,0,,114,25.2,0.2,0.2,
ch1_04,10,10.0,6,4,0,,114,23.0,0,-0.6,是
ch1_04,11,10.8,6,4,0,,114,23.0,0,0.0,
ch1_04,12,11.6,7,5,0,,114,23.3,0,0.0,
ch1_04,13,12.4,8,5,0,,114,23.8,0,0.0,
ch1_04,14,13.2,8,5,0,,114,23.4,0,0.0,
ch1_04,15,14.0,8,6,0,,114,19.8,0,0.0,
