level_id,expected_meta,expected,少 3 级,多 3 级,全程 1 级（完全不养成）,全员满级 20
prologue_01,1,19.0,19.3,19.3,19.3,20.0
prologue_02,1,17.6,17.7,20.0,17.7,20.0
prologue_03,2,15.0,15.0,20.0,15.0,20.0
ch1_01,2.5,13.0,5.3,19.3,5.3,20.0
ch1_02,3.5,13.4,1.7,14.3,1.7,20.0
ch1_03,5,10.8,-4.0,13.0,-4.0,19.7
ch1_04,6,-0.4,-9.0,-1.0,-18.3,10.0
ch2_01,7.2,14.8,-4.3,16.0,-124.0,20.0
ch2_02,7.6,13.2,3.3,16.7,-62.0,20.0
ch2_03,8.2,12.2,4.7,14.0,-35.3,20.0
ch2_04,8.8,9.4,-2.7,11.0,-29.3,14.3
ch3_01,9.5,13.8,13.0,16.7,-45.0,19.0
ch3_02,10,12.4,7.3,16.7,-109.0,20.0
ch3_03,10.33,13.2,7.7,13.7,-126.7,18.7
ch3_04,11,7.2,-1.7,11.0,-42.0,11.0
ch4_01,11.5,15.0,7.7,14.3,-71.3,19.0
ch4_02,12,12.2,2.7,15.7,-154.3,16.7
ch4_03,12.38,12.6,7.0,12.7,-95.7,20.0
ch4_04,12.75,7.0,-2.7,8.0,-133.3,9.3
ch5_01,13.5,13.8,6.0,16.0,-168.7,16.3
ch5_02,13.88,13.6,7.7,18.0,-155.3,18.7
ch5_03,14.38,9.8,9.0,12.0,-66.3,14.3
ch5_04,14.62,8.6,0.0,12.0,-41.3,12.0
final_01,15.25,12.4,-9.3,18.3,-382.7,17.7
