level_id,per_damage,team_dps,kills_per_sec,casts_per_level,casters,full_sec_all,full_sec_normal,full_sec_crisis,crisis_time_share,damage_share
prologue_01,0.04,30,0.49,1.0,reimu:5,42.3,42.7,,0%,81%
prologue_02,0.0305,38,0.53,2.0,reimu:5|marisa:5,36.4,26.5,,6%,80%
prologue_03,0.0189,69,0.87,4.0,reimu:20,35.8,25.9,,13%,72%
ch1_01,0.0161,72,0.85,3.2,reimu:16,61.5,44.5,,13%,71%
ch1_02,0.0175,67,0.86,3.4,reimu:17,62.4,43.6,,11%,71%
ch1_03,0.0136,86,1.01,4.2,reimu:14|marisa:7,55.5,43.6,,9%,67%
ch1_04,0.0173,123,1.19,9.8,reimu:38|marisa:11,32.4,29.9,11.2,12%,77%
ch2_01,0.00993,117,0.95,4.0,reimu:20,56.4,38.4,,10%,67%
ch2_02,0.0102,116,0.82,4.4,reimu:13|marisa:9,58.4,49.8,31.9,19%,70%
ch2_03,0.0108,109,0.7,5.2,reimu:13|marisa:13,58.9,45.0,,9%,73%
ch2_04,0.0141,74,0.37,1.6,reimu:7|marisa:1,138.3,159.5,,1%,84%
ch3_01,0.0105,109,0.86,3.2,reimu:8|marisa:8,66.0,50.3,,5%,74%
ch3_02,0.00915,123,0.96,4.4,marisa:17|reimu:5,60.7,48.4,,8%,73%
ch3_03,0.00981,118,0.86,4.2,reimu:12|marisa:9,69.6,50.8,,8%,75%
ch3_04,0.00877,120,0.78,4.0,reimu:16|marisa:4,76.9,62.5,,5%,76%
ch4_01,0.00932,125,0.75,3.2,marisa:11|reimu:5,65.8,47.8,28.6,15%,76%
ch4_02,0.00992,116,0.62,3.0,marisa:10|reimu:5,77.4,58.3,,9%,79%
ch4_03,0.00891,130,0.65,3.8,reimu:12|marisa:7,70.3,47.0,,9%,78%
ch4_04,0.00742,138,0.65,3.8,marisa:10|reimu:9,78.1,57.6,38.4,20%,76%
ch5_01,0.0104,113,0.53,3.0,reimu:13|marisa:2,72.0,52.4,,8%,81%
ch5_02,0.00941,124,0.57,3.2,reimu:14|marisa:2,75.5,55.4,,7%,80%
ch5_03,0.0083,136,0.57,4.8,marisa:15|reimu:9,63.9,48.1,38.5,24%,79%
ch5_04,0.00892,117,0.44,1.6,reimu:6|marisa:2,151.8,177.0,,2%,84%
final_01,0.0048,217,0.85,7.2,reimu:26|marisa:10,61.4,49.6,30.7,22%,71%
