level_id,chapter,chapter_level,level_index,level_role,level_role_zh,is_mvp,wave_count,threat_budget_coef,hp_multiplier,start_spirit,proposed_start_spirit,spell_charge_per_damage,map_source,fog_range_mult,ref_mix_basic,ref_mix_fast,ref_mix_armored,ref_mix_heavy,ref_mix_swarm,ref_mix_phantom,fast_from_wave,boss_enemy_id,boss_wave,buff_pick_waves,unlock_characters,banned_characters,target_hp_first_clear,reward_first_clear,reward_repeat_2nd,reward_repeat_3rd,reward_repeat_floor,expected_meta_level,sim_hp_first_clear,sim_hp_min_of_seeds,sim_star2_share,sim_star3_share,sim_hp_focus_meta,sim_hp_auto_spell,sim_hp_one_copy_only,sim_spell_full_sec_normal,sim_duration_min,threat_budget_coef_boss_fix,sim_hp_boss_fix
prologue_01,prologue,1,1,tutorial,教学,1,3,0.55,1.0,150,150,0.042,pr5_snapshot,1.0,1,0,0,0,0,0,1,,,,reimu,,18,50,25,15,10,1,19.0,18.0,100%,20%,19.0,19.0,19.0,,1.2,,
prologue_02,prologue,2,2,tutorial,教学,1,4,0.50,1.15,150,160,0.0365,pr5_snapshot,1.0,1,0,0,0,0,0,1,,,,marisa,,17,120,60,35,25,1,17.6,17.0,100%,0%,17.6,17.6,17.6,,1.6,,
prologue_03,prologue,3,3,trial,考验,1,10,0.70,1.3,150,170,0.0165,pr5_snapshot,1.0,1,0,0,0,0,0,1,,,5,,,16,190,95,55,40,2,15.0,15.0,100%,0%,15.0,15.0,11.8,57.8,4.6,,
ch1_01,ch1,1,4,tutorial,教学,1,10,0.60,1.45,150,180,0.02,pr5_snapshot,0.85,0.7,0.3,0,0,0,0,6,,,5,,,14,260,130,80,50,2.5,13.0,10.0,100%,0%,13.0,13.0,4.2,53.2,4.9,,
ch1_02,ch1,2,5,practice,练习,1,11,0.65,1.6,150,190,0.0195,pr5_snapshot,0.75,0.5,0.5,0,0,0,0,1,,,5|10,,,13,330,165,100,65,3.5,13.4,11.0,100%,0%,13.4,13.4,-14.4,61.4,5.6,,
ch1_03,ch1,3,6,trial,考验,1,12,0.55,1.75,150,200,0.019,pr5_snapshot,0.65,0.4,0.6,0,0,0,0,1,,,5|10,,,12,400,200,120,80,5,10.8,3.0,80%,0%,10.8,10.8,-3.2,58.6,5.8,,
ch1_04,ch1,4,7,boss,Boss,1,15,0.20,1.9,150,210,0.0144,pr5_snapshot,1.0,0.6,0.4,0,0,0,0,1,boss_cirno,5,5|10,,,11,705,350,210,140,6,-0.4,-3.0,0%,0%,-0.4,-2.2,-0.4,142.2,5.6,0.70,12.4
ch2_01,ch2,1,8,tutorial,教学,0,11,1.20,2.05,150,210,0.00931,reference,1.0,0.5,0.3,0.2,0,0,0,1,,,5|10,cirno|yukari|meiling,,14,540,270,160,110,7.2,14.8,11.0,100%,0%,14.8,14.8,14.8,44.2,6.3,,
ch2_02,ch2,2,9,practice,练习,0,12,1.00,2.2,150,220,0.0101,reference,1.0,0.4,0.25,0.15,0.2,0,0,1,,,5|10,,,13,610,305,185,120,7.6,13.2,4.0,80%,0%,13.2,13.2,13.2,49.8,6.6,,
ch2_03,ch2,3,10,trial,考验,0,13,0.85,2.35,150,230,0.0103,reference,1.0,0.35,0.25,0.15,0.25,0,0,1,,,5|10,,,12,680,340,205,135,8.2,12.2,8.0,80%,0%,12.0,12.2,12.2,48.8,7.0,,
ch2_04,ch2,4,11,boss,Boss,0,15,0.30,2.5,150,240,0.0131,reference,1.0,0.35,0.25,0.2,0.2,0,0,1,boss_sakuya,5,5|10,,,11,1125,560,340,225,8.8,9.4,6.0,60%,0%,9.6,9.8,9.4,75.7,6.2,0.95,12.8
ch3_01,ch3,1,12,tutorial,教学,0,12,0.75,2.65,150,240,0.00987,reference,1.0,0.35,0.2,0.1,0.15,0.2,0,1,,,5|10,sakuya,,14,820,410,245,165,9.5,13.8,11.0,100%,0%,13.6,13.8,13.8,57.1,6.3,,
ch3_02,ch3,2,13,practice,练习,0,13,0.80,2.8,150,250,0.00907,reference,1.0,0.25,0.2,0.15,0.15,0.25,0,1,,,5|10,,,13,890,445,265,180,10,12.4,9.0,80%,0%,15.8,12.4,12.4,47.1,7.1,,
ch3_03,ch3,3,14,trial,考验,0,14,0.80,2.95,150,260,0.00847,reference,1.0,0.2,0.2,0.15,0.2,0.25,0,1,,,5|10,,,12,960,480,290,190,10.33,13.2,12.0,100%,0%,13.6,13.2,13.2,47.2,7.7,,
ch3_04,ch3,4,15,boss,Boss,0,16,0.30,3.1,150,260,0.0107,reference,1.0,0.25,0.2,0.15,0.15,0.25,0,1,boss_keine_mokou,6,5|10|15,,,10.5,1545,770,465,310,11,7.2,0,60%,0%,6.8,2.8,7.2,70.5,6.9,0.85,7.8
ch4_01,ch4,1,16,tutorial,教学,0,12,0.70,3.25,150,270,0.00831,reference,1.0,0.3,0.2,0.1,0.15,0.15,0.1,1,,,5|10,keine|mokou,,14,1100,550,330,220,11.5,15.0,11.0,100%,20%,14.8,15.0,15.0,54.3,5.8,,
ch4_02,ch4,2,17,practice,练习,0,13,0.85,3.4,150,280,0.00719,reference,1.0,0.2,0.15,0.15,0.15,0.15,0.2,1,,,5|10,,,13,1170,585,350,235,12,12.2,8.0,80%,0%,14.0,12.2,12.2,45.7,6.7,,
ch4_03,ch4,3,18,trial,考验,0,14,0.70,3.55,150,280,0.00736,reference,1.0,0.15,0.15,0.15,0.2,0.15,0.2,1,,,5|10,,,12,1240,620,370,250,12.38,12.6,10.0,100%,0%,13.4,12.6,12.6,53.5,6.8,,
ch4_04,ch4,4,19,boss,Boss,0,16,0.50,3.7,150,290,0.0072,reference,1.0,0.2,0.15,0.15,0.15,0.15,0.2,1,boss_sanae,6,5|10|15,,,10.5,1965,980,590,395,12.75,7.0,1.0,20%,0%,8.6,7.6,7.0,58.9,7.5,0.80,12.2
ch5_01,ch5,1,20,tutorial,教学,0,13,0.80,3.85,150,290,0.00694,reference,1.0,0.2,0.15,0.15,0.15,0.15,0.2,1,,,5|10,sanae,,13.5,1380,690,415,275,13.5,13.8,10.0,100%,0%,15.8,13.8,13.8,54.2,6.9,,
ch5_02,ch5,2,21,practice,练习,0,14,0.70,4.0,150,300,0.00707,reference,1.0,0.15,0.15,0.15,0.2,0.15,0.2,1,,,5|10,,,12.5,1450,725,435,290,13.88,13.6,7.0,80%,0%,15.0,13.2,13.6,57.4,7.2,,
ch5_03,ch5,3,22,trial,考验,0,15,0.50,4.15,150,310,0.00821,reference,1.0,0.1,0.15,0.2,0.2,0.15,0.2,1,,,5|10,,,11.5,1520,760,455,305,14.38,9.8,8.0,40%,0%,12.6,9.8,9.8,59.9,7.1,,
ch5_04,ch5,4,23,boss,Boss,0,16,0.20,4.3,150,310,0.00886,reference,1.0,0.15,0.15,0.15,0.2,0.15,0.2,1,boss_yukari,6,5|10|15,,yukari,10.5,2385,1190,715,475,14.62,8.6,1.0,60%,0%,11.4,9.0,8.6,138.8,6.1,0.70,10.6
final_01,final,1,24,boss,Boss,0,18,0.65,4.45,150,320,0.00528,reference,1.0,0.15,0.15,0.15,0.2,0.15,0.2,1,boss_wasure,8,5|10|15,,,10,2490,1245,745,500,15.25,12.4,8.0,80%,0%,16.6,7.8,12.4,43.1,9.6,0.65,12.4
