key,_speaker_key,zh_CN,_note
dlg.prologue.pre.001,char.reimu,今天的香火钱……零。嗯，很稳定。,场景：博丽神社院内，清晨。灵梦拿着扫帚看赛钱箱
dlg.prologue.pre.002,char.reimu,扫完这片就睡午觉。异变什么的，千万别来。,
dlg.prologue.pre.003,char.reimu,……哈？天上怎么裂了一条缝？,演出：鸟居上空出现结界裂缝，玻璃碎裂音效
dlg.prologue.pre.004,char.reimu,掉下来的是……旧玩具？颜色褪得灰扑扑的。,演出：裂缝里掉出褪色的发条玩具和布偶
dlg.prologue.pre.005,char.reimu,那些灰影子在动……还冲着赛钱箱去了！,演出：残影成形，镜头沿路线移到赛钱箱
dlg.prologue.pre.006,char.reimu,虽然里面没钱，但赛钱箱是神社的脸面。不许碰！,关前对话结束，进入教学
tut.prologue.001,,灰色的敌人叫「残影」。它们会沿着路线走向守护点。,触发：关卡开始。高亮路线
tut.prologue.002,,这一关的守护点是赛钱箱。残影碰到它，它就会褪色。,高亮守护点
tut.prologue.003,,赛钱箱完全褪色，守护就失败了。,显示守护点耐久条（名称待系统策划定）
tut.prologue.004,,拖动灵梦的头像，放到发光的格子上。,高亮灵梦头像与可放置格子。玩家完成放置前不出怪
tut.prologue.005,,放好了！角色会自动攻击范围内的残影。,触发：灵梦放置完成
tut.prologue.006,,点击已放置的角色，可以查看攻击范围。,触发：第1波开始前
tut.prologue.007,,头像亮起时才能放置角色。击散残影会让头像更快亮起。,放置费用名称待系统策划定，文本暂不点名
dlg.prologue.mid.001,char.reimu,一只、两只……算了，全打回去就是了。,触发：第1波开始
dlg.prologue.mid.002,char.reimu,打散了？……掉下来的东西，也是灰的。,触发：第一个残影被击散，散落出褪色物品
dlg.prologue.mid.003,char.reimu,赛钱箱的颜色淡了！……这可不能忍。,触发：守护点首次受损（若未受损则不播放）
dlg.prologue.mid.004,char.yukari,哎呀，茶还温着呢。那我就不客气了。,触发：第2波开始前。演出：缘侧茶杯旁打开隙间，紫探出上半身
dlg.prologue.mid.005,char.reimu,紫！把茶放下！……你是来帮忙的？,
dlg.prologue.mid.006,char.yukari,帮忙？我只是来看热闹。结界那边，正热闹着呢。,
dlg.prologue.mid.007,char.reimu,结界？喂，你把话说清楚——,
dlg.prologue.mid.008,char.yukari,说清楚就不好玩了。加油哦，巫女小姐。,演出：隙间合上，茶杯一起消失
dlg.prologue.mid.009,char.reimu,……连杯子都拿走了！,
tut.prologue.008,,符卡充能完毕！点击灵梦，发动符卡。,触发：灵梦符卡首次充满。建议暂停或放慢时间直到玩家发动
dlg.prologue.mid.010,char.reimu,麻烦死了，一口气解决！灵符「梦想封印」！,触发：玩家首次发动灵梦符卡
tut.prologue.009,,符卡威力很大，用完要重新充能。看准时机再用。,触发：灵梦符卡效果结束
dlg.prologue.mid.011,char.marisa,哟，灵梦！天上裂了好大一条缝啦！,触发：第3波开始前。演出：魔理沙骑扫帚从画面上方冲入
dlg.prologue.mid.012,char.reimu,我看见了。你来干嘛？,
dlg.prologue.mid.013,char.marisa,那还用问？异变就是宝山！我是来捡宝的！,
dlg.prologue.mid.014,char.marisa,……顺便帮你一把。顺便啦，别太感动。,
dlg.prologue.mid.015,char.reimu,顺便的话，就去那条直路守着。,
tut.prologue.010,,魔理沙加入了！把她放在长直路的尽头试试。,高亮魔理沙头像与直路尽头的格子
tut.prologue.011,,魔理沙的攻击会直线穿透。残影排成一列时最有效。,触发：魔理沙放置完成
dlg.prologue.mid.016,char.marisa,排成一排了啊？正合我意！,触发：魔理沙第一次同时命中多个残影
dlg.prologue.mid.017,char.marisa,恋符「极限火花」！火力就是正义啦！,触发：玩家首次发动魔理沙符卡
tut.prologue.012,,守住全部波次，这一关就胜利了。,触发：最后一波开始，显示剩余波次
dlg.prologue.mid.018,char.reimu,最后一批了。守完就能喝茶……如果杯子还在的话。,触发：最后一波开始
dlg.prologue.mid.019,char.yukari,提醒一句，赛钱箱要守好哦。,演出：赛钱箱旁打开小隙间，只露出半张脸
dlg.prologue.mid.020,char.reimu,用不着你说！,
dlg.prologue.mid.021,char.yukari,啊，我是说里面的钱。,
dlg.prologue.mid.022,char.reimu,里面没有钱！,演出：隙间合上
dlg.prologue.post.001,char.marisa,搞定！……话说这些灰东西到底是什么？,场景：残影散尽，神社院子里散落着褪色的旧物
dlg.prologue.post.002,char.reimu,不知道。碰到哪里，哪里就褪色。,
dlg.prologue.post.003,char.marisa,哦？这个旧八音盒还挺好看的。我收下啦。,演出：魔理沙捡起八音盒。第三章误会的伏笔
dlg.prologue.post.004,char.reimu,异变里掉下来的东西，别乱捡。,
dlg.prologue.post.005,char.marisa,不是捡，是借！借到我死为止！,
dlg.prologue.post.006,char.reimu,……缝还在天上。得去看看是哪边漏的。,
dlg.prologue.post.007,char.marisa,雾之湖那边好像也在冒灰烟啦。一起去！,章末钩子
dlg.prologue.post.008,char.reimu,雾之湖啊……那个冰精又要吵了。,
dlg.prologue.post.009,char.yukari,路上小心哦。茶杯我洗好了再还你。,演出：隙间在两人身后短暂打开
dlg.prologue.post.010,char.reimu,现在就还！,
dlg.prologue.post.011,char.marisa,……茶杯？你们在说什么？,序章结束
dlg.ch01.pre.001,char.marisa,雾好大……连湖对岸都看不见啦。,场景：雾之湖畔，浓雾。湖面边缘发灰
dlg.ch01.pre.002,char.reimu,雾是平常。湖面变灰才不平常。,
dlg.ch01.pre.003,char.daiyousei,琪露诺，琪露诺！有人来了……,演出：雾里传来声音
dlg.ch01.pre.004,char.cirno,来得正好！你们就是把青蛙变灰的犯人吧！,演出：琪露诺冲出，身后是一排褪色的冰雕青蛙
dlg.ch01.pre.005,char.reimu,青蛙？,
dlg.ch01.pre.006,char.cirno,我冻好的青蛙，全变成灰色了！一点都不好看了！,
dlg.ch01.pre.007,char.marisa,你平时都在冻青蛙啊……,
dlg.ch01.pre.008,char.cirno,你们一来，灰影子就来了！不是你们还有谁！,误会起因
dlg.ch01.pre.009,char.daiyousei,可、可是灰影子是从湖那边来的呀……,
dlg.ch01.pre.010,char.cirno,那湖那边就是你们的同伙！,
dlg.ch01.pre.011,char.reimu,……这是什么道理。,
dlg.ch01.pre.012,char.cirno,哼，我就在旁边盯着！守不住湖边，就证明你们是犯人！,
dlg.ch01.pre.013,char.marisa,那守住了呢？,
dlg.ch01.pre.014,char.cirno,守住了……守住了再说！,关前对话结束
tut.ch01.001,,浓雾会缩短角色的攻击范围。,触发：关卡开始，展示雾区
tut.ch01.002,,把角色放在离路线近的地方，才能打到雾里的残影。,
dlg.ch01.mid.001,char.cirno,看吧！灰影子又来了！果然是你们带来的！,触发：第1波开始
dlg.ch01.mid.002,char.marisa,是从湖那边冒出来的，你看清楚啦！,
dlg.ch01.mid.003,char.cirno,我看得很清楚！清楚得不得了！,
dlg.ch01.mid.004,char.daiyousei,雾变浓了……大家小心，远处看不清。,触发：第2波开始，雾区扩大
dlg.ch01.mid.005,char.yukari,嗯～今天湖里收获不错呢。,触发：第3波开始前。演出：湖面上方打开隙间，垂下一根钓竿
dlg.ch01.mid.006,char.marisa,紫？你在钓鱼？,
dlg.ch01.mid.007,char.yukari,钓到一台外界的收音机。可惜，已经不会响了。,伏笔：外界被遗忘之物正在涌入
dlg.ch01.mid.008,char.cirno,喂，隙间妖怪！你也是犯人吧！跟我决斗！,
dlg.ch01.mid.009,char.cirno,……逃跑了！哈哈，她怕了最强的我！,演出：隙间啪地合上，钓竿和收音机一起消失
dlg.ch01.mid.010,char.reimu,……随她高兴吧。,
dlg.ch01.mid.011,char.daiyousei,湖边的花也变灰了……琪露诺，这样下去不行的。,触发：守护点首次受损（若未受损则在第4波开始时播放）
dlg.ch01.mid.012,char.cirno,我、我知道啦！……才没有担心！,
dlg.ch01.mid.013,char.cirno,居然全守住了！越来越可疑了！,触发：普通波次全部结束
dlg.ch01.mid.014,char.reimu,所以到底要怎样你才满意。,
dlg.ch01.mid.015,char.cirno,最强的我亲自审问！符卡决斗！,
dlg.ch01.mid.016,char.marisa,好啊！几张符卡？两张还是三张？,
dlg.ch01.mid.017,char.cirno,呃……很多张！,进入决斗阶段
tut.ch01.003,,符卡决斗！对手会沿着路线前进，并宣言符卡。,触发：决斗开始
tut.ch01.004,,击破对手的每一张符卡，就能赢得决斗。,
dlg.ch01.duel.001,char.cirno,冰符「冰瀑」！全部冻成冰棍吧！,触发：琪露诺宣言第1张符卡。部分角色被冻结
dlg.ch01.duel.002,char.reimu,大家被冻住了……没冻住的先顶上！,触发：第一个角色被冻结
dlg.ch01.duel.003,char.cirno,哼，刚才只是热身！,触发：第1张符卡被击破
dlg.ch01.duel.004,char.cirno,冻符「完美冻结」！这次一定完美！,触发：宣言第2张符卡。范围内角色和残影一起冻结
dlg.ch01.duel.005,char.marisa,连残影都冻住了！你到底帮哪边啦！,触发：第2张符卡冻住残影
dlg.ch01.duel.006,char.cirno,我……我帮最强的那边！,
dlg.ch01.duel.007,char.cirno,呜哇——！,触发：决斗胜利
dlg.ch01.post.001,char.cirno,……刚才是平手。绝对是平手！,场景：湖面和青蛙冰雕慢慢恢复颜色
dlg.ch01.post.002,char.reimu,随你。灰影子不是我们带来的，懂了吗？,
dlg.ch01.post.003,char.daiyousei,我一开始就说了呀……,
dlg.ch01.post.004,char.cirno,知、知道啦！是湖那边的坏东西嘛！,
dlg.ch01.post.005,char.cirno,决定了！最强的我要跟你们一起去揍它！,
dlg.ch01.post.006,char.marisa,哦？怎么突然这么积极？,
dlg.ch01.post.007,char.cirno,因为我的青蛙要变回原来的颜色！,
dlg.ch01.post.008,char.daiyousei,我也一起去。琪露诺一个人会迷路的……,
dlg.ch01.post.009,char.cirno,我才不会迷路！……红色的房子在哪边来着？,
dlg.ch01.post.010,char.reimu,红魔馆？你怎么知道要去那边？,
dlg.ch01.post.011,char.cirno,灰影子往那边飘了嘛。我可是一直在看的！,
dlg.ch01.post.012,char.marisa,哦！这家伙难得派上用场啦！,
dlg.ch01.post.013,char.cirno,什么叫难得！,
dlg.ch01.post.014,char.yukari,对了，收音机我放到神社去了哦。,演出：隙间在灵梦耳边一闪而过
dlg.ch01.post.015,char.reimu,别往我神社扔垃圾！,
dlg.ch01.post.016,char.reimu,……红魔馆啊。那家的大小姐，最爱这种热闹了。,章末钩子：画面转向远处的红色洋馆
tut.ch01.005,,琪露诺加入了！她的攻击能让残影减速。,触发：关后结算，角色解锁提示
