character_id,combat_id,name_zh,role_zh,unlock_after_level_id,first_available_level_id,deploy_cost,attack,attack_interval,range,max_hp,block_count,placement,normal_effect,normal_effect_value,normal_effect_param,crit_chance,crit_mult,sell_refund_ratio,copy_cost_increase_ratio,max_copies,growth_tier,spell_card_id,spell_name_zh,spell_energy_max,caster_priority,status,notes
reimu,chr_reimu,博丽灵梦,泛用单体输出+控场,(开局),prologue_01,80,20,1.0,3,0,0,ground,none,0,0,0.05,1.8,0.7,0.5,3,待 P3,sc_evil_sealing_circle,梦符「封魔阵」,100,3,confirmed,攻击 20/间隔 1.0/射程 3/费用 80 为用户确认（PR #4 占位攻击 10、间隔 0.8、射程 2.5，以用户确认为准）。默认符卡按用户确认为「封魔阵：射程内敌人减速 40%、3 秒」（sc_evil_sealing_circle，附带 50% 伤害）；PR #4 默认是「梦想封印」（sc_fantasy_seal，7 颗 300% 光弹），数值两张都填好，默认已定为梦符「封魔阵」（D-04）。技能「结界」（PR #4）：每 10 秒在目标处放 3×3 结界 6 秒，结界里敌人受到伤害 +20%。开局就有。暴击、卖出、同名递增、满能量为数值提议 同名上限 max_copies 已由 Q3 废止，格子里的数字是旧值。copy_cost_increase_ratio 列名不改，待 P6。growth_tier 待 P3，不写 A/B/C 的等级上限。
marisa,chr_marisa,雾雨魔理沙,直线穿透/高爆发,prologue_01,prologue_02,120,45,1.5,4,0,0,ground,none,0,0,0.05,1.8,0.7,0.5,3,待 P3,sc_master_spark,恋符「极限火花」,100,1,confirmed,攻击 45/间隔 1.5/射程 4/费用 120 为用户确认。序章第 2 关起可用（关卡策划 PR #5；文案原稿是序章第 1 关第 3 波前加入，待制作人定）。极限火花按 PR #4 做成 10 跳光束，每跳 50%，合计 500%（= 用户确认的 500%），每跳单独算护甲。暴击、卖出、同名递增、满能量为数值提议 同名上限 max_copies 已由 Q3 废止，格子里的数字是旧值。copy_cost_increase_ratio 列名不改，待 P6。growth_tier 待 P3，不写 A/B/C 的等级上限。
cirno,chr_cirno,琪露诺,范围减速/冻结/廉价,ch1_01,ch1_02,60,10,0.8,2.5,0,0,ground,slow_on_hit,0.2,1.5,0.05,1.8,0.7,0.5,3,待 P3,sc_perfect_freeze,冻符「完美冻结」,90,6,confirmed,制作人定方案 B：通关 ch1_01 后加入，ch1_02 起首通可用（和关卡策划 PR #5 一致）。攻击 10/间隔 0.8/射程 2.5/费用 60/普攻减速 20% 为用户确认（PR #4 占位减速 35%，以用户为准），减速持续 1.5 秒为数值提议。完美冻结按用户确认冻 2 秒（PR #4 写 3 秒，待拍板）。技能「冰结」（PR #4）：每 6 秒冻住目标周围 0.8 格 1.5 秒，配合魔理沙「冰碎」伤害 ×2。满能量 90。打败琪露诺（ch1_04）后和紫一起加入（制作人定），首通 MVP 用不到，只在重打 MVP 关和第二章起出现（PR #5 写的是 ch1_01 起可用，冲突已列出） 同名上限 max_copies 已由 Q3 废止，格子里的数字是旧值。copy_cost_increase_ratio 列名不改，待 P6。growth_tier 待 P3，不写 A/B/C 的等级上限。
daiyousei,chr_daiyousei,大妖精,光环辅助（不攻击）,,,60,0,0,0,0,0,ground,aura_aspd,0.15,neighbors_8,0,1.0,0.7,0.5,2,待 P3,sc_morning_mist,湖符「晨雾之湖」,80,9,pending_producer,是否可玩待制作人；PR #4 设计：不攻击，周围 8 格角色攻速 +15%（2 级 +20%）；满能量 80（符卡弱但充得快）。模拟默认不带她；若决定让她提前到第一章可用，可缓解 MVP 两人阵容太脆的问题 同名上限 max_copies 已由 Q3 废止，格子里的数字是旧值。copy_cost_increase_ratio 列名不改，待 P6。growth_tier 待 P3，不写 A/B/C 的等级上限。
meiling,chr_meiling,红美铃,阻挡/击退,ch2_01,ch2_02,70,15,1.2,1,300,2,path,block,2,0,0.05,1.8,0.7,0.5,2,待 P3,sc_rainbow_dance,彩符「彩光乱舞」,100,8,partial,按关卡策划 PR #5：通关 ch2_01 后加入，ch2_02 起可用（提案，待文案）。攻击 15/间隔 1.2/射程 1/费用 70/300 血/挡 2 个为用户确认。PR #4 写成「拦住+击退」、不阻挡，模拟按用户确认的阻挡，待拍板。同名最多 2 个（提议）。第二章第 1 关起可用（PR #5 ch2_01；解锁条件按「打过 ch1_04」算） 同名上限 max_copies 已由 Q3 废止，格子里的数字是旧值。copy_cost_increase_ratio 列名不改，待 P6。growth_tier 待 P3，不写 A/B/C 的等级上限。
sakuya,chr_sakuya,十六夜咲夜,高攻速单体/全场时停,ch2_04,ch3_01,100,12,0.5,3,0,0,ground,none,0,0,0.10,1.8,0.7,0.5,3,待 P3,sc_the_world,幻世「世界」,150,4,confirmed,制作人定：通关 ch2_04 后加入。攻击 12/间隔 0.5/射程 3/费用 100/时停 3 秒为用户确认。PR #4 普攻一次 3 把刀（升级到 4、5 把），数值按「每次攻击的总伤害 = 攻击力 × 等级倍率」处理，待对齐。满能量 150。她是第二章 Boss（PR #5），按「打败所在章 Boss 后加入」提议第三章起可用（PR #5 写 ch2_02 起可用，但 ch2_04 又不能放她，待关卡/文案定） 同名上限 max_copies 已由 Q3 废止，格子里的数字是旧值。copy_cost_increase_ratio 列名不改，待 P6。growth_tier 待 P3，不写 A/B/C 的等级上限。
remilia,chr_remilia,蕾米莉亚,重击单体,,,150,60,2.5,3,0,0,ground,none,0,0,0.10,2.0,0.7,0.5,1,待 P3,sc_gungnir,神枪「冈格尼尔」,130,5,pending_producer,文案里不随队，是否可玩待制作人；全部为数值提议，不进模拟 同名上限 max_copies 已由 Q3 废止，格子里的数字是旧值。copy_cost_increase_ratio 列名不改，待 P6。growth_tier 待 P3，不写 A/B/C 的等级上限。
keine,chr_keine,上白泽慧音,保护辅助,ch3_01,ch3_02,90,16,1.0,2.5,0,0,ground,none,0,0,0.05,1.8,0.7,0.5,3,待 P3,sc_modoribashi,转世「一条归桥」,110,7,placeholder,按关卡策划 PR #5：通关 ch3_01 后加入，ch3_02 起可用（提案，待文案）。全部为数值提议。默认符卡按 PR #4 为「一条归桥」（守护点前 5 格的敌人往回送 3 格）；技能「隐藏历史」每 20 秒给守护点加 1 层护盾（最多 2 层），每层挡 1 次漏怪。满能量 110。第三章 Boss（和妹红）打败后加入，第四章起可用（提议；PR #5 写 ch3_01 起可用） 同名上限 max_copies 已由 Q3 废止，格子里的数字是旧值。copy_cost_increase_ratio 列名不改，待 P6。growth_tier 待 P3，不写 A/B/C 的等级上限。
mokou,chr_mokou,藤原妹红,持续范围火焰,ch3_04,ch4_01,110,18,1.0,2.0,0,0,ground,splash,0.6,1.0,0.05,1.8,0.7,0.5,3,待 P3,sc_phoenix_wings,不死「火鸟 -凤翼天翔-」,110,5,placeholder,全部为数值提议。普攻 60% 溅射 + 灼烧（PR #4：每 0.5 秒一跳、持续 3 秒、不叠加，每跳 15% 攻击）。默认符卡按 PR #4 为「凤翼天翔」（沿路线扫一遍，每个敌人 300% + 灼烧 4 秒）。「不会褪色」机制未计入。满能量 110。第三章 Boss（和慧音）打败后加入，第四章起可用（提议；PR #5 写 ch3_02 起可用） 同名上限 max_copies 已由 Q3 废止，格子里的数字是旧值。copy_cost_increase_ratio 列名不改，待 P6。growth_tier 待 P3，不写 A/B/C 的等级上限。
aya,chr_aya,射命丸文,高攻速/克制快怪与遗忘之影,,,110,16,0.6,3.5,0,0,ground,bonus_vs_fast,0.5,1.4,0.10,1.8,0.9,0.5,3,待 P3,sc_gensou_fuubi,「幻想风靡」,110,5,placeholder,是否可玩待制作人。全部为数值提议。普攻对快的敌人 +50%（放联动桶）；默认符卡「幻想风靡」每个敌人吃 2 次 150%，并现形遗忘之影。卖出返还 90%（沿用 PR #4 的想法：机动角色鼓励换位）。满能量 110。第四章登场 同名上限 max_copies 已由 Q3 废止，格子里的数字是旧值。copy_cost_increase_ratio 列名不改，待 P6。growth_tier 待 P3，不写 A/B/C 的等级上限。
sanae,chr_sanae,东风谷早苗,范围输出,ch4_04,ch5_01,100,22,1.3,3,0,0,ground,splash,0.5,1.0,0.05,1.8,0.7,0.5,3,待 P3,sc_gray_thaumaturgy,秘术「灰色奇术」,110,2,placeholder,全部为数值提议。普攻 50% 溅射；对「外界之物」联动桶 +0.5（PR #4，模拟未计入）。默认符卡按 PR #4 为「灰色奇术」（5 个密集点依次爆炸，每次 250%）。满能量 110。第四章 Boss 打败后加入，第五章起可用（提议；PR #5 写 ch4_01 起可用） 同名上限 max_copies 已由 Q3 废止，格子里的数字是旧值。copy_cost_increase_ratio 列名不改，待 P6。growth_tier 待 P3，不写 A/B/C 的等级上限。
yukari,chr_yukari,八云紫,隙间/调度,ch1_04,ch2_01,150,25,1.5,3.5,0,0,ground,none,0,0,0.05,1.8,0.7,1.0,1,待 P3,sc_spiriting_away,罔两「八云紫的神隐」,150,2,proposal,制作人定：通关 ch1_04 后加入，MVP 首通用不到她，ch2_01 起可用；第五章首领不再是紫，不禁用。定位（隙间调度、把敌人送回起点）为用户确认，数值全部为提议。默认符卡「神隐」按 PR #4：把离守护点最近的最多 12 个非 Boss 敌人送回起点（PR #4 写 15，提议 12），Boss 改为减速 50% 4 秒。同名最多 1 个、复制递增 100%。满能量 150。第五章 Boss 关（ch5_04）她是 Boss，不能放 同名上限 max_copies 已由 Q3 废止，格子里的数字是旧值。copy_cost_increase_ratio 列名不改，待 P6。growth_tier 待 P3，不写 A/B/C 的等级上限。
wasure,chr_wasure,忘,登记/召唤帮手,final_01,postgame,130,18,1.3,2.5,0,0,ground,none,0,0,0.05,1.8,0.7,0.5,1,待 P3,sc_lost_and_found,拾遗「无人认领的失物招领处」,120,5,proposal,终章通关后加入（只在通关后的重玩里出现），不进 24 关模拟；全部为数值提议 同名上限 max_copies 已由 Q3 废止，格子里的数字是旧值。copy_cost_increase_ratio 列名不改，待 P6。growth_tier 待 P3，不写 A/B/C 的等级上限。
