stageId,code,chapter,waves,maxLifePoint,enemies,total_hp,hp_per_cost,rec_phase,rec_level,rec_exp5,bosses,boss_name,boss_hp,boss_atk,boss_def,boss_res,boss_speed,boss_lpr,boss_share,boss_vs_normal,boss_first_frac,boss_leak_share
main_01-08,1-8,1,1,8,46,60400,431.1,0,15,2947,1,弑君者,6000,400,120,50.0,1.4,2,0.099,5.7,0.49,0.25
main_01-11,1-11,1,1,8,45,82590,453.8,0,20,4807,1,W,10000,470,100,50.0,1.2,2,0.121,5.9,0.02,0.25
main_01-12,1-12,1,1,5,30,66600,432.5,0,20,4807,1,W,10000,470,100,50.0,1.2,2,0.15,5.9,0.01,0.4
main_02-10,2-10,2,2,3,36,141800,783.4,1,1,24400,1,碎骨,10500,1000,150,30.0,0.6,2,0.074,4.2,,0.67
main_03-03,3-3,3,1,3,50,144630,791.6,1,10,27352,1,弑君者,10000,550,150,50.0,1.4,2,0.069,5.3,0.02,0.67
main_03-04,3-4,3,2,3,75,221750,979.5,1,20,35572,1,萨卡兹百夫长,15000,700,250,35.0,0.78,1,0.068,9.7,,0.33
main_03-08,3-8,3,1,3,63,218720,1017.3,1,35,57912,1,碎骨,30000,1300,240,30.0,0.6,2,0.137,13.6,0.03,0.67
main_04-04,4-4,4,2,3,63,263100,1429.9,1,40,68782,1,弑君者,23000,700,250,50.0,1.4,2,0.087,10.5,,0.67
main_04-10,4-10,4,1,3,43,179450,716.4,1,70,239400,1,霜星,25000,420,250,50.0,0.5,2,0.139,9.1,0.01,0.67
main_05-10,5-10,5,1,3,73,345000,1023.7,2,20,262181,2,梅菲斯特|浮士德,37000,1000,350,35.0,0.5,2,0.188,14.8,0.0,0.67
main_06-06,6-7,6,1,20,45,295000,1293.9,2,25,274896,1,浮士德,37000,1000,350,35.0,0.5,2,0.125,14.8,0.58,0.1
main_06-14,6-16,6,1,3,50,325500,1010.9,2,25,274896,1,霜星，“冬痕”,30000,440,380,50.0,0.5,2,0.092,8.8,0.0,0.67
main_06-15,6-17,6,2,1,1,95000,,,,,1,霜星S,95000,1200,300,50.0,0.25,1,1.0,,,1.0
main_07-16,7-18,7,2,3,45,224200,946.0,2,30,290411,1,爱国者,45000,1600,500,45.0,0.4,2,0.201,13.6,,0.67
main_08-03,R8-3,8,1,3,79,284200,1587.7,2,10,245151,1,斗士塔露拉,15000,600,350,50.0,0.45,0,0.053,4.3,0.0,0.0
main_08-05,R8-5,8,1,3,82,352300,1538.4,2,15,252266,1,斗士塔露拉,15000,600,350,50.0,0.45,0,0.043,4.5,0.01,0.0
main_08-06,R8-6,8,1,3,69,326700,1609.4,2,15,252266,1,斗士塔露拉,15000,600,350,50.0,0.45,0,0.046,4.3,0.02,0.0
main_08-08,R8-8,8,1,3,22,162000,558.6,2,25,274896,1,斗士塔露拉,15000,600,350,50.0,0.45,0,0.093,3.8,0.0,0.0
main_08-13,R8-11,8,1,3,52,374600,1357.2,2,25,274896,3,“皇帝的利刃”|斗士塔露拉,50000,0,3000,90.0,0.4,0,0.307,15.2,0.0,0.0
main_08-14,M8-8,8,3,3,66,609500,2344.2,2,30,290411,1,梅菲斯特，“歌者”,60000,450,450,30.0,0.1,2,0.098,24.0,,0.67
main_08-16,JT8-2,8,1,3,32,233600,1185.8,2,30,290411,1,塔露拉,50000,1500,700,50.0,0.5,2,0.214,15.2,0.0,0.67
main_08-17,JT8-3,8,4,3,44,245500,835.0,2,40,332136,1,“不死的黑蛇”,50000,770,800,50.0,0.5,2,0.204,14.3,,0.67
