chapter,end_code,has_boss,boss,end_rec,end_exp5,chapter_exp5_med,end_exp_ratio,end_hp_per_cost,chapter_hp_per_cost_med,end_hpc_ratio,end_total_hp,chapter_total_hp_med,end_total_ratio,end_life,next_first,next_first_rec,next_first_exp5
0,0-11,False,,精英0 1,0,0.0,,451.6,199.6,2.26,51030,19560,2.61,10,1-1,精英0 5,502
1,1-12,True,W,精英0 20,4807,1512.0,3.18,432.5,424.25,1.02,66600,60575.0,1.1,5,2-1,精英0 20,4807
2,2-10,True,碎骨,精英1 1,24400,12905.0,1.89,783.4,601.85,1.3,141800,110280.0,1.29,3,3-1,精英0 40,16400
3,3-8,True,碎骨,精英1 35,57912,35572.0,1.63,1017.3,828.65,1.23,218720,156750.0,1.4,3,4-1,精英1 30,48992
4,4-10,True,霜星,精英1 70,239400,75682.0,3.16,716.4,843.5,0.85,179450,172675.0,1.04,3,5-1,精英1 50,100782
5,5-10,True,梅菲斯特|浮士德,精英2 20,262181,174057.5,1.51,1023.7,1028.0,1.0,345000,223400.0,1.54,3,6-1,精英1 60,154400
6,6-17,True,霜星S,-,,239400.0,,,1112.05,,95000,215150,0.44,1,7-2,精英1 70,239400
7,7-18,True,爱国者,精英2 30,290411,242275.5,1.2,946.0,1006.45,0.94,224200,217850.0,1.03,3,R8-1,精英2 10,245151
8,JT8-3,True,“不死的黑蛇”,精英2 40,332136,262181.0,1.27,835.0,1265.9,0.66,245500,240000,1.02,3,,-,
