enemyId,first_stage,first_order,first_zone,stages,total_count,name,levelType,maxHp,atk,def_,res,moveSpeed,motion,lifePointReduce
enemy_1007_slime,0-1,0,main_0,15,240,源石虫,NORMAL,550,130,0,0.0,1.0,WALK,1
enemy_1002_nsabr,0-1,0,main_0,37,365,士兵,NORMAL,1650,200,100,0.0,1.1,WALK,1
enemy_1005_yokai,0-3,2,main_0,24,215,妖怪,NORMAL,800,0,50,0.0,0.9,FLY,1
enemy_1027_mob,0-4,3,main_0,22,221,暴徒,NORMAL,1700,250,50,0.0,1.1,WALK,1
enemy_1000_gopro,0-5,4,main_0,15,106,猎狗,NORMAL,820,190,0,20.0,1.9,WALK,1
enemy_1029_shdsbr,0-7,6,main_0,18,58,持盾刀兵,NORMAL,2050,240,250,0.0,1.0,WALK,1
enemy_1030_wteeth,0-10,9,main_0,29,89,拾荒者,NORMAL,5000,500,50,20.0,0.8,WALK,1
enemy_1007_slime_2,0-11,10,main_0,14,262,源石虫·α,NORMAL,1050,185,0,0.0,1.0,WALK,1
enemy_1000_gopro_2,1-1,11,main_1,23,169,猎狗pro,NORMAL,1700,260,0,20.0,1.9,WALK,1
enemy_1028_mocock,1-1,11,main_1,16,77,鸡尾酒投掷者,NORMAL,1550,180,50,0.0,1.0,WALK,1
enemy_1502_crowns,1-8,18,main_1,3,3,弑君者,BOSS,6000,400,120,50.0,1.4,WALK,2
enemy_1011_wizard,1-8,18,main_1,12,57,术师,NORMAL,1600,200,50,50.0,0.8,WALK,1
enemy_1504_cqbw,1-11,21,main_1,2,2,W,BOSS,10000,470,100,50.0,1.2,WALK,2
enemy_1014_rogue,1-11,21,main_1,13,90,双持剑士,NORMAL,2000,350,100,0.0,1.1,WALK,1
enemy_1028_mocock_2,1-12,22,main_1,7,24,燃烧瓶投掷者,NORMAL,2000,250,85,0.0,1.0,WALK,1
enemy_1006_shield,2-1,23,main_2,6,22,重装防御者,ELITE,6000,600,800,0.0,0.75,WALK,1
enemy_1027_mob_2,2-2,24,main_2,15,129,暴乱分子,NORMAL,2650,350,85,0.0,1.1,WALK,1
enemy_1003_ncbow,2-2,24,main_2,8,34,弩手,NORMAL,1400,240,100,0.0,0.9,WALK,1
enemy_1033_handax,2-3,25,main_2,17,41,伐木机,ELITE,8000,750,80,30.0,0.75,WALK,1
enemy_1018_aoemag,2-4,26,main_2,12,29,高阶术师,ELITE,7000,240,120,50.0,0.7,WALK,1
enemy_1014_rogue_2,2-5,27,main_2,13,70,双持剑士组长,NORMAL,3000,450,120,0.0,1.1,WALK,1
enemy_1003_ncbow_2,2-6,28,main_2,6,39,弩手组长,NORMAL,1900,310,150,0.0,0.9,WALK,1
enemy_1013_airdrp,2-6,28,main_2,4,52,空降兵,NORMAL,1450,220,100,0.0,1.0,WALK,1
enemy_1017_defdrn,2-7,29,main_2,5,14,御4,NORMAL,4000,0,150,20.0,0.8,FLY,1
enemy_1016_diaman,2-8,30,main_2,4,6,磐蟹,NORMAL,3000,300,500,85.0,0.75,WALK,1
enemy_1005_yokai_2,2-9,31,main_2,16,161,妖怪MKII,NORMAL,1550,220,50,0.0,0.9,FLY,1
enemy_1013_airdrp_2,2-9,31,main_2,1,4,空降组长,NORMAL,2300,300,150,0.0,1.0,WALK,1
enemy_1015_litamr,2-10,32,main_2,5,23,轻甲卫兵,NORMAL,2500,250,400,0.0,1.0,WALK,1
enemy_1500_skulsr,2-10,32,main_2,2,2,碎骨,BOSS,10500,1000,150,30.0,0.6,WALK,2
enemy_1011_wizard_2,S2-9,41,main_2,9,43,术师组长,NORMAL,2400,300,80,50.0,0.8,WALK,1
enemy_1009_lurker,3-1,45,main_3,14,201,潜伏者,NORMAL,2200,300,90,20.0,1.0,WALK,1
enemy_1000_gopro_3,3-1,45,main_3,17,130,狂暴的猎狗pro,NORMAL,3000,370,0,20.0,1.9,WALK,1
enemy_1007_slime_3,3-1,45,main_3,17,366,源石虫·β,NORMAL,1550,240,0,0.0,1.0,WALK,1
enemy_1020_obsv,3-3,47,main_3,1,2,技术侦察兵,NORMAL,7000,270,100,20.0,1.0,WALK,1
enemy_1019_jshoot,3-3,47,main_3,10,77,隐形弩手,NORMAL,1800,260,100,20.0,0.9,WALK,1
enemy_1033_handax_2,3-3,47,main_3,8,22,伐木老手,ELITE,12000,850,100,30.0,0.75,WALK,1
enemy_1034_laxe,3-4,48,main_3,17,48,屠夫,ELITE,9000,850,230,30.0,0.7,WALK,1
enemy_1501_demonk,3-4,48,main_3,1,1,萨卡兹百夫长,BOSS,15000,700,250,35.0,0.78,WALK,1
enemy_1023_jmage,3-5,49,main_3,7,50,隐形术师,NORMAL,2200,350,80,50.0,0.8,WALK,1
enemy_1034_laxe_2,3-6,50,main_3,3,7,屠宰老手,ELITE,14000,950,270,30.0,0.7,WALK,1
enemy_1024_mortar,3-7,51,main_3,1,4,炮手,NORMAL,3300,400,150,0.0,0.8,WALK,1
enemy_1006_shield_2,3-7,51,main_3,4,10,重装防御组长,ELITE,10000,600,1000,0.0,0.75,WALK,1
enemy_1032_katar,3-8,52,main_3,3,14,拳刃武士,NORMAL,4000,450,300,0.0,1.0,WALK,1
enemy_1010_demon,4-1,60,main_4,19,85,萨卡兹大剑手,ELITE,7500,600,230,50.0,0.85,WALK,1
enemy_1015_litamr_2,4-3,62,main_4,5,40,轻甲卫兵组长,NORMAL,3700,300,500,0.0,1.0,WALK,1
enemy_1012_dcross,4-3,62,main_4,12,46,萨卡兹狙击手,ELITE,6000,450,200,50.0,0.8,WALK,1
enemy_1035_haxe,4-3,62,main_4,2,3,武装人员,ELITE,12000,1050,700,30.0,0.65,WALK,1
enemy_1031_mrogue,4-5,64,main_4,9,83,法术近卫,NORMAL,4000,350,200,50.0,0.75,WALK,1
enemy_1021_bslime,4-6,65,main_4,8,105,高能源石虫,NORMAL,2460,260,0,0.0,1.0,WALK,1
enemy_1029_shdsbr_2,4-8,67,main_4,1,2,机动盾组长,NORMAL,3000,280,300,0.0,1.0,WALK,1
enemy_1022_dmage,4-8,67,main_4,6,19,萨卡兹术师,ELITE,12000,500,200,50.0,0.8,WALK,1
enemy_1505_frstar,4-10,69,main_4,1,1,霜星,BOSS,25000,420,250,50.0,0.5,WALK,2
enemy_1038_lunmag,5-1,80,main_5,15,110,特战术师,NORMAL,4000,400,250,50.0,0.8,WALK,1
enemy_1037_lunsbr,5-1,80,main_5,17,300,特战士兵,NORMAL,3200,350,50,0.0,1.1,WALK,1
enemy_1039_breakr,5-1,80,main_5,11,128,破阵者,NORMAL,3500,410,50,25.0,1.9,WALK,1
enemy_1038_lunmag_2,5-3,82,main_5,5,16,特战术师组长,NORMAL,6000,450,300,50.0,0.8,WALK,1
enemy_1039_breakr_2,5-3,82,main_5,5,44,破阵者组长,NORMAL,5000,500,80,25.0,1.9,WALK,1
enemy_1040_bombd,5-4,83,main_5,1,4,暴鸰,ELITE,4000,800,150,30.0,0.6,FLY,1
enemy_1040_bombd_2,5-5,84,main_5,3,12,暴鸰·G,ELITE,6000,1500,220,30.0,0.6,FLY,1
enemy_1041_lazerd,5-6,85,main_5,5,75,法术大师A1,NORMAL,2700,220,100,65.0,1.5,FLY,1
enemy_1042_frostd,5-7,86,main_5,5,12,寒霜,ELITE,6500,100,600,30.0,0.9,FLY,1
enemy_1043_zomsbr,5-8,87,main_5,17,329,宿主士兵,NORMAL,2500,250,100,30.0,0.9,WALK,1
enemy_1044_zomstr,5-9,88,main_5,13,129,宿主拾荒者,NORMAL,6000,500,130,30.0,0.65,WALK,1
enemy_1507_mephi,5-10,89,main_5,1,1,梅菲斯特,BOSS,28000,500,200,60.0,0.5,WALK,1
enemy_1045_hammer,5-10,89,main_5,2,5,粉碎攻坚手,ELITE,10000,1000,1000,0.0,0.5,WALK,1
enemy_1508_faust,5-10,89,main_5,2,2,浮士德,BOSS,37000,1000,350,35.0,0.5,WALK,2
enemy_1008_ghost,S5-1,90,main_5,1,3,幽灵,NORMAL,2300,100,120,35.0,1.2,WALK,1
enemy_1043_zomsbr_2,S5-5,94,main_5,4,38,宿主士兵组长,NORMAL,4000,300,150,30.0,0.9,WALK,1
enemy_1030_wteeth_2,S5-5,94,main_5,1,4,流浪者,NORMAL,7500,600,70,20.0,0.8,WALK,1
enemy_1044_zomstr_2,S5-9,98,main_5,2,6,宿主流浪者,NORMAL,11000,650,200,30.0,0.65,WALK,1
enemy_1061_zomshd,6-1,99,main_6,5,18,宿主重装士兵,ELITE,10000,600,800,0.0,0.75,WALK,1
enemy_1062_rager,6-2,100,main_6,7,82,狂暴宿主士兵,ELITE,20000,1000,200,30.0,1.2,WALK,1
enemy_1063_rageth,6-4,102,main_6,5,27,狂暴宿主投掷手,ELITE,15000,750,200,30.0,0.7,WALK,1
enemy_1063_rageth_2,6-5,103,main_6,2,6,狂暴宿主掷骨手,ELITE,22000,1050,220,30.0,0.7,WALK,1
enemy_1062_rager_2,6-5,103,main_6,3,9,狂暴宿主组长,ELITE,30000,1750,230,30.0,1.2,WALK,1
enemy_1065_snwolf,6-8,105,main_6,8,80,霜牙,NORMAL,3150,350,0,30.0,1.9,WALK,1
enemy_1064_snsbr,6-8,105,main_6,11,143,雪怪小队,NORMAL,3400,360,100,0.0,1.1,WALK,1
enemy_1066_snbow,6-8,105,main_6,4,33,雪怪狙击手,NORMAL,2500,290,80,0.0,0.9,WALK,1
enemy_1067_snslime,6-9,106,main_6,11,144,冰爆源石虫,NORMAL,3250,300,0,0.0,1.0,WALK,1
enemy_1068_snmage,6-9,106,main_6,8,53,雪怪术师,NORMAL,5000,320,200,50.0,0.8,WALK,1
enemy_1069_icebrk,6-10,107,main_6,7,27,雪怪小队凿冰人,ELITE,16000,830,500,20.0,0.7,WALK,1
enemy_1068_snmage_2,6-11,108,main_6,2,7,雪怪术师组长,NORMAL,8000,400,250,50.0,0.8,WALK,1
enemy_1065_snwolf_2,6-11,108,main_6,2,25,霜锐,NORMAL,4650,430,0,30.0,1.9,WALK,1
enemy_1070_iced,6-14,110,main_6,2,21,虚幻,ELITE,4000,500,180,30.0,0.6,FLY,1
enemy_1510_frstar2,6-16,112,main_6,1,1,霜星，“冬痕”,BOSS,30000,440,380,50.0,0.5,WALK,2
enemy_1510_frstar2_s,6-17,113,main_6,1,1,霜星S,BOSS,95000,1200,300,50.0,0.25,WALK,1
enemy_1078_sotisc,7-4,120,main_7,16,289,游击队战士,NORMAL,3300,300,300,20.0,1.1,WALK,1
enemy_1077_sotihd,7-4,120,main_7,15,210,游击队猎犬,NORMAL,2900,350,150,20.0,1.9,WALK,1
enemy_1079_sotisp,7-5,121,main_7,12,85,游击队狙击手,NORMAL,3000,340,300,20.0,0.9,WALK,1
enemy_1079_sotisp_2,7-5,121,main_7,1,6,游击队狙击手组长,NORMAL,4000,390,300,20.0,0.9,WALK,1
enemy_1077_sotihd_2,7-5,121,main_7,1,21,游击队猎犬pro,NORMAL,3800,420,150,20.0,1.9,WALK,1
enemy_1078_sotisc_2,7-5,121,main_7,1,8,游击队战士组长,NORMAL,4500,330,350,20.0,1.1,WALK,1
enemy_1080_sotidp,7-6,122,main_7,12,59,游击队传令兵,NORMAL,7000,300,120,50.0,1.0,WALK,1
enemy_1084_sotidm_3,7-10,125,main_7,3,18,雇佣军萨卡兹战士,ELITE,8000,480,400,50.0,0.85,WALK,1
enemy_1085_sotiwz_3,7-11,126,main_7,2,7,雇佣军萨卡兹术师,ELITE,7000,350,400,50.0,0.75,WALK,1
enemy_1084_sotidm_2,7-12,127,main_7,1,2,游击队萨卡兹战士组长,ELITE,12000,580,400,50.0,0.85,WALK,1
enemy_1081_sotisd,7-13,128,main_7,6,18,游击队盾卫,ELITE,15000,700,1300,60.0,0.7,WALK,1
enemy_1082_soticn,7-14,129,main_7,4,10,游击队迫击炮兵,ELITE,5500,450,550,20.0,0.6,WALK,1
enemy_1083_sotiab,7-15,130,main_7,4,37,游击队突袭战士,ELITE,3800,360,550,20.0,1.0,WALK,1
enemy_1085_sotiwz,7-17,132,main_7,1,4,游击队萨卡兹术师,ELITE,7000,350,400,50.0,0.75,WALK,1
enemy_1084_sotidm,7-17,132,main_7,3,17,游击队萨卡兹战士,ELITE,8000,480,400,50.0,0.85,WALK,1
enemy_1085_sotiwz_2,7-17,132,main_7,1,2,游击队萨卡兹术师组长,ELITE,10000,450,400,50.0,0.75,WALK,1
enemy_1506_patrt,7-18,133,main_7,1,1,爱国者,BOSS,45000,1600,500,45.0,0.4,WALK,2
enemy_1083_sotiab_2,7-18,133,main_7,1,2,游击队突袭战士组长,ELITE,5000,430,550,20.0,1.0,WALK,1
enemy_1081_sotisd_2,S7-1,134,main_7,1,2,游击队盾卫组长,ELITE,25000,800,1500,60.0,0.7,WALK,1
enemy_1107_uoffcr,R8-1,136,main_8,11,307,感染者纠察官,NORMAL,3300,330,150,20.0,1.1,WALK,1
enemy_1108_uterer,R8-1,136,main_8,10,181,乌萨斯裂兽,NORMAL,3500,380,100,20.0,1.7,WALK,1
enemy_3001_upeopl,R8-2,137,main_8,6,24,乌萨斯平民,NORMAL,3500,0,50,0.0,0.65,WALK,0
enemy_3002_ftrtal,R8-3,138,main_8,5,5,斗士塔露拉,BOSS,15000,600,350,50.0,0.45,WALK,0
enemy_1107_uoffcr_2,R8-3,138,main_8,1,5,感染者高级纠察官,NORMAL,4300,400,150,20.0,1.1,WALK,1
enemy_1109_uabone,R8-4,139,main_8,4,39,乌萨斯突袭弩手,NORMAL,4000,350,200,20.0,1.0,WALK,1
enemy_1111_ucommd,R8-5,140,main_8,5,50,乌萨斯突击者,ELITE,7500,550,500,50.0,1.5,WALK,1
enemy_1110_uamord,R8-6,141,main_8,4,36,乌萨斯着铠术师,NORMAL,5000,340,500,50.0,0.9,WALK,1
enemy_1112_emppnt,R8-7,142,main_8,3,5,帝国炮火先兆者,ELITE,13000,1000,800,50.0,0.5,FLY,1
enemy_1112_emppnt_2,R8-8,143,main_8,1,3,帝国炮火中枢先兆者,ELITE,16000,1200,800,50.0,0.5,FLY,1
enemy_1114_rgrdmn,M8-6,144,main_8,3,14,萨卡兹宿主百夫长,ELITE,10000,600,200,50.0,0.8,WALK,1
enemy_1113_empace,R8-9,145,main_8,4,21,帝国前锋精锐,ELITE,12000,900,800,50.0,0.7,WALK,1
enemy_1113_empace_2,R8-11,148,main_8,1,2,帝国前锋百战精锐,ELITE,15000,1200,800,50.0,0.7,WALK,1
enemy_1115_embald,R8-11,148,main_8,1,2,“皇帝的利刃”,BOSS,50000,0,3000,90.0,0.4,WALK,0
enemy_1514_smephi,M8-8,149,main_8,1,1,梅菲斯特，“歌者”,BOSS,60000,450,450,30.0,0.1,WALK,2
enemy_3002_ftrtal_s,JT8-1,150,main_8,1,1,斗士塔露拉,NORMAL,15000,600,350,50.0,0.45,WALK,0
enemy_1503_talula,JT8-2,151,main_8,1,1,塔露拉,BOSS,50000,1500,700,50.0,0.5,WALK,2
enemy_1515_bsnake,JT8-3,152,main_8,1,1,“不死的黑蛇”,BOSS,50000,770,800,50.0,0.5,WALK,2
