level,initialCost,maxCost,costIncreaseTime,characterLimit,maxLifePoint,moveMultiplier,waves,spawn_total,routes,map_rows,map_cols
obt/hard/level_hard_05-01,10,99,1.0,9,3,0.5,1,62,53,8,12
obt/hard/level_hard_05-02,10,99,1.0,8,3,0.5,1,89,50,8,12
obt/hard/level_hard_05-03,5,99,1.0,9,3,0.5,1,93,59,8,11
obt/hard/level_hard_05-04,10,99,1.0,9,3,0.5,1,89,38,8,12
obt/hard/level_hard_06-01,10,99,1.0,9,3,0.5,1,54,36,8,11
obt/hard/level_hard_06-02,10,99,1.0,9,3,0.5,1,36,23,8,12
obt/hard/level_hard_06-03,10,99,1.0,9,3,0.5,1,84,75,8,12
obt/hard/level_hard_06-04,10,99,1.0,9,3,0.5,1,144,73,7,12
obt/hard/level_hard_07-01,10,99,1.0,9,3,0.5,1,66,50,7,12
obt/hard/level_hard_07-02,10,99,1.0,8,3,0.5,1,65,42,8,11
obt/hard/level_hard_07-03,10,99,1.0,9,3,0.5,1,50,38,8,11
obt/hard/level_hard_07-04,10,99,1.0,9,2,0.5,2,96,91,9,13
obt/hard/level_hard_08-01,10,99,1.0,8,3,0.5,1,43,41,8,12
obt/hard/level_hard_08-02,10,99,1.0,8,3,0.5,1,31,18,8,12
obt/hard/level_hard_08-03,5,99,1.0,9,3,0.5,3,63,56,8,12
obt/hard/level_hard_08-04,10,99,1.0,9,2,0.5,3,51,52,8,15
obt/main/level_main_00-01,10,99,1.0,8,20,0.5,1,11,10,6,9
obt/main/level_main_00-02,10,99,1.0,8,15,0.5,3,14,11,6,10
obt/main/level_main_00-03,10,99,1.0,8,15,0.5,1,23,17,6,10
obt/main/level_main_00-04,10,99,1.0,8,15,0.5,2,24,20,7,10
obt/main/level_main_00-05,3,99,1.0,8,15,0.5,1,24,19,7,10
obt/main/level_main_00-06,8,99,1.0,8,15,0.5,1,31,16,7,10
obt/main/level_main_00-07,10,99,1.0,8,15,0.5,1,20,14,7,10
obt/main/level_main_00-08,10,99,1.0,8,15,0.5,1,40,15,7,8
obt/main/level_main_00-09,10,99,1.0,8,15,0.5,1,64,23,7,8
obt/main/level_main_00-10,10,99,1.0,8,10,0.5,1,35,19,9,13
obt/main/level_main_00-11,10,99,1.0,8,10,0.5,3,37,22,8,10
obt/main/level_main_01-01,10,99,1.0,8,10,0.5,1,33,19,7,9
obt/main/level_main_01-02,10,99,1.0,8,10,0.5,1,41,23,8,10
obt/main/level_main_01-03,10,99,1.0,8,10,0.5,1,36,22,7,11
obt/main/level_main_01-04,10,99,1.0,8,10,0.5,1,39,32,7,11
obt/main/level_main_01-05,10,99,1.0,10,10,0.5,2,57,41,8,11
obt/main/level_main_01-06,10,99,1.0,10,8,0.5,1,79,40,7,10
obt/main/level_main_01-07,10,99,1.0,8,10,0.5,1,41,27,7,11
obt/main/level_main_01-08,10,99,1.0,8,8,0.5,1,46,32,7,11
obt/main/level_main_01-09,10,99,1.0,8,8,0.5,1,35,26,8,10
obt/main/level_main_01-10,10,99,1.0,8,8,0.5,1,49,29,8,10
obt/main/level_main_01-11,0,99,1.0,8,8,0.5,1,45,21,7,11
obt/main/level_main_01-12,10,99,1.0,10,5,0.5,1,30,30,8,11
obt/main/level_main_02-01,10,99,1.0,8,8,0.5,1,50,30,7,11
obt/main/level_main_02-02,10,99,1.0,8,5,0.5,1,51,25,7,11
obt/main/level_main_02-03,10,99,1.0,8,5,0.5,1,52,25,8,11
obt/main/level_main_02-04,10,99,1.0,8,5,0.5,1,26,22,7,9
obt/main/level_main_02-05,10,99,1.0,8,3,0.5,1,40,35,8,10
obt/main/level_main_02-06,10,99,1.0,8,5,0.5,1,54,35,8,11
obt/main/level_main_02-07,10,99,1.0,8,5,0.5,1,58,42,8,11
obt/main/level_main_02-08,10,99,1.0,8,3,0.5,2,54,35,7,11
obt/main/level_main_02-09,10,99,1.0,8,3,0.5,1,52,30,7,11
obt/main/level_main_02-10,10,99,1.0,10,3,0.5,2,36,27,8,11
obt/main/level_main_03-01,10,99,1.0,8,3,0.5,2,83,33,7,11
obt/main/level_main_03-02,10,99,1.0,8,3,0.5,1,67,28,8,11
obt/main/level_main_03-03,10,99,1.0,8,3,0.5,1,50,41,8,11
obt/main/level_main_03-04,10,99,1.0,10,3,0.5,2,75,48,8,10
obt/main/level_main_03-05,10,99,1.0,8,5,0.5,1,64,42,8,11
obt/main/level_main_03-06,10,99,1.0,8,3,0.5,3,39,19,7,9
obt/main/level_main_03-07,10,99,1.0,8,3,0.5,1,61,42,8,12
obt/main/level_main_03-08,10,99,1.0,9,3,0.5,1,63,28,8,11
obt/main/level_main_04-01,10,99,1.0,8,5,0.5,1,64,41,7,10
obt/main/level_main_04-02,10,99,1.0,8,5,0.5,1,35,24,7,10
obt/main/level_main_04-03,10,99,1.0,8,3,0.5,2,53,33,7,11
obt/main/level_main_04-04,10,99,1.0,9,3,0.5,2,63,26,9,13
obt/main/level_main_04-05,10,99,1.0,8,3,0.5,1,40,18,8,11
obt/main/level_main_04-06,10,99,1.0,8,3,0.5,2,55,35,7,10
obt/main/level_main_04-07,10,99,1.0,8,3,0.5,1,59,37,7,11
obt/main/level_main_04-08,10,99,1.0,8,3,0.5,1,30,21,8,11
obt/main/level_main_04-09,10,99,1.0,8,3,0.5,1,49,35,8,11
obt/main/level_main_04-10,10,99,1.0,10,3,0.5,1,43,20,7,11
obt/main/level_main_05-01,10,99,1.0,8,5,0.5,1,43,26,7,11
obt/main/level_main_05-02,10,99,1.0,8,3,0.5,1,51,37,8,12
obt/main/level_main_05-03,10,99,1.0,8,3,0.5,1,52,24,7,12
obt/main/level_main_05-04,10,99,1.0,8,3,0.5,1,52,29,8,11
obt/main/level_main_05-05,10,99,1.0,8,3,0.5,2,56,32,8,12
obt/main/level_main_05-06,10,99,1.0,8,3,0.5,1,76,45,8,12
obt/main/level_main_05-07,10,99,1.0,8,3,0.5,1,91,46,8,12
obt/main/level_main_05-08,10,99,1.0,8,3,0.5,1,53,39,8,12
obt/main/level_main_05-09,10,99,1.0,8,3,0.5,1,51,33,8,11
obt/main/level_main_05-10,0,99,1.0,9,3,0.5,1,73,39,8,12
obt/main/level_main_06-01,10,99,1.0,8,5,0.5,1,46,29,7,11
obt/main/level_main_06-02,10,99,1.0,8,3,0.5,1,55,42,8,11
obt/main/level_main_06-03,5,99,1.0,8,3,0.5,1,26,16,7,11
obt/main/level_main_06-04,10,99,1.0,8,3,0.5,1,55,27,8,10
obt/main/level_main_06-05,5,99,1.0,8,3,0.5,1,42,29,7,10
obt/main/level_main_06-06,10,99,1.0,10,20,0.5,1,45,28,8,12
obt/main/level_main_06-07,10,99,1.0,8,3,0.5,1,36,25,8,11
obt/main/level_main_06-08,10,99,1.0,8,3,0.5,1,48,41,8,11
obt/main/level_main_06-09,1,99,1.0,8,3,0.5,1,41,28,8,11
obt/main/level_main_06-10,10,99,1.0,8,3,0.5,1,79,45,7,11
obt/main/level_main_06-11,10,99,1.0,8,3,0.5,1,76,35,7,11
obt/main/level_main_06-12,10,99,1.0,8,3,0.5,1,48,37,7,11
obt/main/level_main_06-13,10,99,1.0,8,3,0.5,1,45,31,8,11
obt/main/level_main_06-14,10,99,1.0,9,3,0.5,1,50,21,8,12
obt/main/level_main_06-15,0,99,9999.0,0,1,0.5,2,1,9,7,9
obt/main/level_main_07-01,10,99,1.0,8,5,0.5,1,51,28,8,10
obt/main/level_main_07-02,10,99,1.0,8,3,0.5,1,47,26,8,11
obt/main/level_main_07-03,10,99,1.0,8,3,0.5,1,95,63,7,11
obt/main/level_main_07-04,10,99,1.0,8,3,0.5,1,70,31,8,11
obt/main/level_main_07-05,10,99,1.0,8,3,0.5,1,44,28,8,11
obt/main/level_main_07-06,10,99,1.0,8,3,0.5,1,51,32,7,11
obt/main/level_main_07-07,10,99,1.0,9,3,0.5,1,54,35,8,12
obt/main/level_main_07-08,10,99,1.0,8,3,0.5,1,41,24,7,11
obt/main/level_main_07-09,10,99,1.0,8,3,0.5,1,35,23,8,11
obt/main/level_main_07-10,10,99,1.0,9,3,0.5,1,54,31,9,13
obt/main/level_main_07-11,10,99,1.0,8,3,0.5,1,49,25,8,11
obt/main/level_main_07-12,10,99,1.0,8,3,0.5,1,51,31,8,12
obt/main/level_main_07-13,10,99,1.0,8,3,0.5,1,48,29,8,11
obt/main/level_main_07-14,10,99,1.0,9,3,0.5,1,46,41,8,12
obt/main/level_main_07-15,10,99,1.0,9,3,0.5,1,37,23,8,12
obt/main/level_main_07-16,10,99,1.0,9,3,0.5,2,45,38,8,12
obt/main/level_main_08-01,10,99,1.0,8,5,0.5,1,56,35,7,11
obt/main/level_main_08-02,10,99,1.0,8,3,0.5,1,40,23,8,10
obt/main/level_main_08-03,10,99,1.0,8,3,0.5,1,79,59,8,11
obt/main/level_main_08-04,10,99,1.0,8,3,0.5,1,57,28,8,11
obt/main/level_main_08-05,10,99,1.0,8,3,0.5,1,82,67,8,11
obt/main/level_main_08-06,10,99,1.0,8,3,0.5,1,69,34,8,12
obt/main/level_main_08-07,10,99,1.0,8,3,0.5,1,35,32,8,10
obt/main/level_main_08-08,10,99,1.0,9,3,0.5,1,22,26,9,13
obt/main/level_main_08-09,5,99,1.0,9,3,0.5,1,77,38,8,12
obt/main/level_main_08-10,10,99,1.0,8,3,0.5,1,64,43,8,12
obt/main/level_main_08-11,10,99,1.0,8,3,0.5,1,43,41,7,9
obt/main/level_main_08-12,10,99,1.0,9,3,0.5,1,48,30,8,11
obt/main/level_main_08-13,2,99,1.0,9,3,0.5,1,52,40,8,12
obt/main/level_main_08-14,3,99,1.0,9,3,0.5,3,66,44,7,13
obt/main/level_main_08-15,0,99,9999.0,0,10,0.5,1,8,32,7,10
obt/main/level_main_08-16,10,99,1.0,9,3,0.5,1,32,34,8,13
obt/main/level_main_08-17,15,99,1.0,9,3,0.5,4,44,51,9,15
obt/main/level_sub_02-01,10,99,1.0,8,8,0.5,1,25,22,7,11
obt/main/level_sub_02-02,10,99,1.0,8,5,0.5,1,45,33,7,11
obt/main/level_sub_02-03,10,99,1.0,8,5,0.5,1,72,21,8,9
obt/main/level_sub_02-04,10,99,1.0,8,5,0.5,1,24,16,8,9
obt/main/level_sub_02-05,10,99,1.0,8,5,0.5,1,31,16,7,9
obt/main/level_sub_02-06,10,99,1.0,8,5,0.5,1,40,20,7,11
obt/main/level_sub_02-07,10,99,1.0,8,5,0.5,1,32,23,7,11
obt/main/level_sub_02-08,10,99,1.0,8,5,0.5,1,36,27,7,9
obt/main/level_sub_02-09,10,99,1.0,8,3,0.5,1,32,27,7,9
obt/main/level_sub_02-10,10,99,1.0,8,5,0.5,1,41,18,8,11
obt/main/level_sub_02-11,10,99,1.0,8,3,0.5,1,48,21,8,11
obt/main/level_sub_02-12,10,99,1.0,8,3,0.5,1,48,23,7,9
obt/main/level_sub_03-1-1,10,99,1.0,8,3,0.5,1,30,19,7,9
obt/main/level_sub_03-1-2,10,99,1.0,8,3,0.5,1,70,27,8,11
obt/main/level_sub_03-2-1,10,99,1.0,8,3,0.5,1,64,35,8,11
obt/main/level_sub_03-2-2,10,99,1.0,8,3,0.5,1,42,32,8,11
obt/main/level_sub_03-2-3,10,99,1.0,8,3,0.5,1,64,21,8,11
obt/main/level_sub_03-3-1,10,99,1.0,8,3,0.5,1,69,26,8,11
obt/main/level_sub_03-3-2,10,99,1.0,8,3,0.5,1,72,22,7,11
obt/main/level_sub_04-1-1,10,99,1.0,8,3,0.5,1,30,18,7,11
obt/main/level_sub_04-1-2,10,99,1.0,8,3,0.5,1,42,18,7,11
obt/main/level_sub_04-1-3,10,99,1.0,8,3,0.5,1,40,29,8,11
obt/main/level_sub_04-2-1,10,99,1.0,8,3,0.5,1,36,26,8,11
obt/main/level_sub_04-2-2,10,99,1.0,8,3,0.5,1,75,36,8,9
obt/main/level_sub_04-2-3,10,99,1.0,8,3,0.5,1,47,52,8,9
obt/main/level_sub_04-3-1,10,99,1.0,8,3,0.5,1,52,26,8,11
obt/main/level_sub_04-3-2,10,99,1.0,8,3,0.5,1,47,29,7,10
obt/main/level_sub_04-3-3,10,99,1.0,9,3,0.5,1,50,25,8,11
obt/main/level_sub_04-4-1,3,99,1.0,8,15,0.5,2,47,29,8,11
obt/main/level_sub_05-1-1,10,99,1.0,8,3,0.5,1,49,31,8,12
obt/main/level_sub_05-1-2,10,99,1.0,8,3,0.5,1,48,30,8,10
obt/main/level_sub_05-2-1,10,99,1.0,8,3,0.5,1,57,29,8,12
obt/main/level_sub_05-2-2,10,99,1.0,8,3,0.5,1,58,31,8,11
obt/main/level_sub_05-3-1,10,99,1.0,8,3,0.5,1,45,37,8,12
obt/main/level_sub_05-3-2,10,99,1.0,8,3,0.5,1,41,39,8,10
obt/main/level_sub_05-4-1,10,99,1.0,8,3,0.5,1,57,27,8,12
obt/main/level_sub_05-4-2,10,99,1.0,8,3,0.5,1,46,23,8,11
obt/main/level_sub_05-4-3,12,99,1.0,8,3,0.5,1,54,33,7,11
obt/main/level_sub_06-1-1,10,99,1.0,8,3,0.5,1,52,28,8,11
obt/main/level_sub_06-1-2,10,99,1.0,8,3,0.5,1,53,24,8,11
obt/main/level_sub_06-2-1,10,99,1.0,8,3,0.5,1,32,25,8,11
obt/main/level_sub_06-2-2,10,99,1.0,9,3,0.5,1,30,16,8,12
obt/main/level_sub_07-1-1,10,99,1.0,8,3,0.5,1,32,20,7,11
obt/main/level_sub_07-1-2,10,99,1.0,9,3,0.5,1,46,31,8,12
obt/training/level_training_1,15,99,1.0,10,10,0.5,4,5,9,6,7
obt/training/level_training_10,10,99,1.0,10,1,0.5,2,4,6,7,9
obt/training/level_training_11,30,99,1.0,10,1,0.5,1,14,13,7,8
obt/training/level_training_12,40,99,1.0,10,1,0.5,1,1,7,7,9
obt/training/level_training_13,5,99,1.0,10,1,0.5,1,16,15,7,10
obt/training/level_training_14,20,99,1.0,8,1,0.5,1,7,4,7,9
obt/training/level_training_15,5,99,1.0,10,1,0.5,1,7,8,7,9
obt/training/level_training_16,10,99,1.0,10,3,0.5,1,2,10,6,9
obt/training/level_training_17,10,99,1.0,6,3,0.5,1,6,15,6,9
obt/training/level_training_18,10,99,1.0,6,3,0.5,2,7,14,6,9
obt/training/level_training_2,15,99,1.0,10,10,0.5,1,10,9,6,8
obt/training/level_training_3,25,99,1.0,10,10,0.5,1,11,9,6,7
obt/training/level_training_4,20,99,9999.0,10,1,0.5,2,5,9,5,9
obt/training/level_training_5,50,99,1.0,10,10,0.5,3,4,8,6,7
obt/training/level_training_6,25,99,1.0,10,3,0.5,1,25,13,7,9
obt/training/level_training_7,30,99,1.0,10,1,0.5,1,1,3,7,9
obt/training/level_training_8,20,99,1.0,10,1,0.5,2,9,10,7,9
obt/training/level_training_9,20,99,1.0,10,1,0.5,2,12,9,7,9
obt/training/level_training_sub_1,10,99,2.0,4,1,0.5,1,24,18,6,8
obt/training/level_training_sub_2,10,99,1.0,6,1,0.5,1,19,25,7,9
