prof,sub,subId,n,damage,position,block,bat,bat_distinct,range_cells,range_fwd,range_back,range_half_width,cost,hp,atk,def_,respawn,top_tags
先锋,冲锋手,charger,7,PHYSICAL,MELEE,1.0,1.0,1,2,1,0,0,13.0,2226.0,562.0,367.0,70.0,费用回复|输出|防护
先锋,尖兵,pioneer,15,PHYSICAL,MELEE,2.0,1.05,1,2,1,0,0,13.0,2138.0,515.0,360.0,70.0,费用回复|输出|控场
先锋,情报官,agent,6,PHYSICAL,MELEE,1.0,1.0,1,3.0,2.0,0.0,0.0,10.0,1917.0,560.0,267.0,35.0,费用回复|快速复活
先锋,战术家,tactician,7,PHYSICAL,RANGED,1.0,1.0,1,12,3,0,1,15.0,1755.0,480.0,131.0,70.0,费用回复|控场|召唤
先锋,执旗手,bearer,5,PHYSICAL,MELEE,1.0,1.3,1,2,1,0,0,11.5,1608.5,523.5,373.5,70.0,费用回复|支援|治疗
先锋,策士,counsellor,2,PHYSICAL,MELEE,2.0,1.2,1,2.0,1.0,0.0,0.0,13.5,2110.0,609.0,398.5,75.0,费用回复|支援
近卫,佣兵,mercenary,2,PHYSICAL,MELEE,2.0,1.25,1,2.0,1.0,0.0,0.0,10.0,2952.5,537.0,385.0,70.0,输出|控场|
近卫,剑豪,sword,7,PHYSICAL,MELEE,2.0,1.3,1,2,1,0,0,23.0,2880.0,621.0,339.0,70.0,爆发|输出|控场
近卫,强攻手,centurion,9,PHYSICAL,MELEE,3.0,1.2,1,2,1,0,0,24.0,2630.0,762.0,355.0,70.0,生存|群攻|输出
近卫,撼地者,hammer,4,PHYSICAL,MELEE,2.0,1.8,1,2.0,1.0,0.0,0.0,20.5,2722.0,1226.0,370.5,75.0,控场|输出|群攻
近卫,收割者,reaper,5,PHYSICAL,MELEE,2.0,1.3,1,4,1,0,1,22.5,2370.5,685.0,453.0,70.0,输出|生存
近卫,教官,instructor,6,PHYSICAL,MELEE,2.0,1.05,1,3.0,2.0,0.0,0.0,17.0,1932.0,656.0,420.0,70.0,支援|输出|治疗
近卫,斗士,fighter,8,PHYSICAL,MELEE,1.0,0.78,1,2.0,1.0,0.0,0.0,11.0,2595.0,580.5,352.5,70.0,输出|生存|爆发
近卫,无畏者,fearless,11,PHYSICAL,MELEE,1.0,1.5,1,2,1,0,0,19.0,3810.0,936.0,256.0,70.0,输出|生存|控场
近卫,本源近卫,primguard,1,PHYSICAL,MELEE,2.0,1.2,1,2,1,0,0,22.0,2600.0,820.0,350.0,70.0,爆发|输出
近卫,术战者,artsfghter,7,MAGICAL,MELEE,1.0,1.25,1,2,1,0,0,21.0,2902.5,665.0,417.0,70.0,输出|生存|防护
近卫,武者,musha,5,PHYSICAL,MELEE,1.0,1.2,1,2,1,0,0,25.5,3730.0,745.0,331.0,70.0,输出|生存
近卫,解放者,librator,4,PHYSICAL,MELEE,3.0,1.2,1,4.0,1.0,0.0,1.0,12.0,3863.0,355.0,501.0,70.0,爆发|输出
近卫,重剑手,crusher,4,PHYSICAL,MELEE,2.0,2.5,1,2.0,1.0,0.0,0.0,24.0,5988.0,1569.0,0.0,70.0,输出|生存
近卫,领主,lord,11,PHYSICAL,MELEE,2.0,1.3,1,8,3,0,1,20.0,2420.0,711.0,397.0,70.0,输出|支援|减速
重装,不屈者,unyield,5,PHYSICAL,MELEE,3.0,1.6,1,1,0,0,0,35.5,3838.0,870.5,593.5,70.0,生存|防护|输出
重装,决战者,duelist,3,PHYSICAL,MELEE,1.0,1.6,1,2,1,0,0,32.0,4027.0,1002.0,628.0,70.0,防护|输出|生存
重装,哨戒铁卫,shotprotector,6,PHYSICAL,MELEE,3.0,1.2,1,3.0,2.0,0.0,0.0,23.0,3430.5,474.5,704.0,70.0,输出|防护|生存
重装,守护者,guardian,9,PHYSICAL,MELEE,3.0,1.2,1,1,0,0,0,22.0,2823.0,473.0,581.0,70.0,防护|治疗|支援
重装,本源铁卫,primprotector,5,PHYSICAL,MELEE,3.0,1.6,1,1,0,0,0,25.0,3333.0,603.0,559.0,70.0,元素|防护|生存
重装,要塞,fortress,3,PHYSICAL,MELEE,3.0,2.8,1,7,5,-3,1,27.0,3067.0,882.0,568.0,70.0,输出|防护
重装,铁卫,protector,12,PHYSICAL,MELEE,3.0,1.2,2,1.0,0.0,0.0,0.0,23.0,3520.0,380.0,721.0,70.0,防护|支援|支援机械
重装,驭法铁卫,artsprotector,5,PHYSICAL,MELEE,3.0,1.6,1,1,0,0,0,25.5,3128.5,641.0,558.0,70.0,输出|防护|生存
狙击,回环射手,loopshooter,3,PHYSICAL,RANGED,1.0,1.0,1,15,3,1,1,16.5,2425.0,657.5,167.5,70.0,输出
狙击,投掷手,bombarder,4,PHYSICAL,RANGED,1.0,2.1,1,19.0,4.0,0.0,2.0,25.0,1888.0,687.0,245.0,70.0,输出|控场|减速
狙击,攻城手,siegesniper,6,PHYSICAL,RANGED,1.0,2.4,1,13.0,4.0,-2.0,2.0,24.0,1667.0,990.0,122.0,70.0,输出|控场
狙击,散射手,reaperrange,5,PHYSICAL,RANGED,1.0,2.3,1,7,2,0,1,31.0,2353.0,723.5,191.0,70.0,群攻|输出
狙击,炮手,aoesniper,7,PHYSICAL,RANGED,1.0,2.8,1,15,4,0,1,29.0,1650.0,861.0,123.0,70.0,群攻|减速|削弱
狙击,猎手,hunter,3,PHYSICAL,RANGED,1.0,1.6,1,9,4,0,1,21.0,1855.0,981.0,224.0,70.0,输出|爆发|控场
狙击,神射手,longrange,6,PHYSICAL,RANGED,1.0,2.7,1,19.0,4.0,0.0,2.0,21.0,1498.0,1085.0,155.0,70.0,输出|减速|爆发
狙击,裂空炮手,skybreaker,2,PHYSICAL,RANGED,1.0,2.1,1,10.0,3.0,0.0,1.0,23.0,1572.0,890.5,208.0,75.0,群攻
狙击,速射手,fastshot,17,PHYSICAL,RANGED,1.0,1.0,1,12,3,0,1,14.0,1520.0,528.0,165.0,70.0,输出|支援机械|支援
狙击,重射手,closerange,6,PHYSICAL,RANGED,1.0,1.6,1,9.0,2.0,0.0,1.0,20.0,1788.0,840.0,215.0,70.0,输出|爆发|快速复活
术师,中坚术师,corecaster,13,MAGICAL,RANGED,1.0,1.6,1,10,3,0,1,21.0,1565.0,633.0,121.0,70.0,输出|削弱|控场
术师,塑灵术师,soulcaster,2,MAGICAL,RANGED,1.0,1.6,1,10.0,3.0,0.0,1.0,20.5,1789.5,576.0,101.5,70.0,召唤|输出
术师,扩散术师,splashcaster,12,MAGICAL,RANGED,1.0,2.9,1,9.0,2.0,0.0,1.0,33.5,1638.5,791.5,124.0,70.0,群攻|控场|输出
术师,本源术师,primcaster,6,MAGICAL,RANGED,1.0,1.6,1,10.0,3.0,0.0,1.0,21.0,1393.0,618.0,123.0,70.0,元素|输出|控场
术师,秘术师,mystic,6,MAGICAL,RANGED,1.0,3.0,1,10.0,3.0,0.0,1.0,25.0,1535.0,1259.0,125.0,70.0,输出|控场
术师,轰击术师,blastcaster,5,MAGICAL,RANGED,1.0,2.9,1,6,5,0,0,33.5,1625.5,815.0,124.0,70.0,群攻|输出|削弱
术师,链术师,chain,4,MAGICAL,RANGED,1.0,2.3,1,10.0,3.0,0.0,1.0,33.0,1443.0,635.0,122.0,70.0,输出
术师,阵法术师,phalanx,5,NONE,RANGED,1.0,2.0,1,13,2,2,2,24.0,2048.0,836.0,228.0,70.0,群攻|防护|控场
术师,驭械术师,funnel,7,MAGICAL,RANGED,1.0,1.3,1,10,3,0,1,22.5,1471.5,325.5,122.0,70.0,输出|控场|削弱
医疗,医师,physician,13,HEAL,RANGED,1.0,2.85,1,12,3,0,1,20.0,1585.0,493.0,135.0,70.0,治疗|支援|支援机械
医疗,咒愈师,incantationmedic,4,MAGICAL,RANGED,1.0,1.6,1,12.0,3.0,0.0,1.0,17.0,1456.5,549.0,104.5,70.0,治疗|输出|削弱
医疗,守望者,watchman,2,HEAL,RANGED,1.0,2.85,1,16.0,2.0,1.0,2.0,18.5,1715.0,485.0,230.5,70.0,治疗|高空|支援
医疗,疗养师,healer,5,HEAL,RANGED,1.0,2.85,1,18,3,0,2,21.0,1443.5,504.0,115.0,80.0,治疗|支援
医疗,群愈师,ringhealer,5,HEAL,RANGED,1.0,2.85,1,12,2,1,1,17.5,1642.5,339.0,152.0,70.0,治疗|支援
医疗,行医,wandermedic,5,HEAL,RANGED,1.0,2.85,1,18,3,0,2,15.5,1419.5,386.5,103.5,70.0,治疗
医疗,链愈师,chainhealer,4,HEAL,RANGED,1.0,2.85,1,12.0,2.0,1.0,1.0,18.0,1690.5,440.0,173.0,70.0,治疗|输出|支援
辅助,凝滞师,slower,10,MAGICAL,RANGED,1.0,1.9,1,12.0,2.0,1.0,1.0,15.0,1298.0,521.0,104.0,70.0,减速|输出|支援
辅助,削弱者,underminer,4,MAGICAL,RANGED,1.0,1.6,1,16.0,2.0,1.0,2.0,12.0,1676.5,435.0,104.0,70.0,削弱
辅助,召唤师,summoner,7,MAGICAL,RANGED,1.0,1.6,1,10,3,0,1,11.5,1074.0,458.0,141.5,70.0,召唤|支援|控场
辅助,吟游者,bard,6,NONE,RANGED,1.0,1.3,1,13.0,2.0,2.0,2.0,8.0,1410.0,335.0,238.0,75.0,支援|治疗|生存
辅助,工匠,craftsman,6,PHYSICAL,MELEE,2.0,1.5,1,2.0,1.0,0.0,0.0,19.0,2600.0,565.0,425.0,70.0,支援|防护|输出
辅助,巫役,ritualist,6,MAGICAL,RANGED,1.0,1.6,1,12.0,2.0,1.0,1.0,16.0,1200.0,461.0,104.0,70.0,元素|支援机械|支援
辅助,护佑者,blessing,7,MAGICAL,RANGED,1.0,1.6,1,16,2,1,2,12.0,1746.0,445.0,179.0,70.0,支援|生存|治疗
辅助,游击手,supportiveranger,2,PHYSICAL,RANGED,1.0,2.1,1,14.0,3.0,0.0,2.0,16.0,1545.0,770.0,205.0,70.0,输出|支援
特种,伏击客,stalker,6,PHYSICAL,MELEE,0.0,3.5,1,10.0,2.0,1.0,1.0,21.0,1729.0,811.0,340.0,70.0,输出|控场|生存
特种,傀儡师,dollkeeper,7,PHYSICAL,MELEE,2.0,1.2,1,2,1,0,0,15.5,2435.5,722.5,310.0,70.0,快速复活|输出|生存
特种,处决者,executor,9,PHYSICAL,MELEE,1.0,0.93,1,2,1,0,0,10.0,1629.0,545.0,318.0,18.0,快速复活|控场|爆发
特种,巡空者,skywalker,3,PHYSICAL,MELEE,2.0,1.5,1,3,2,0,0,17.5,2376.5,770.5,455.0,70.0,高空|控场|生存
特种,怪杰,geek,3,PHYSICAL,RANGED,1.0,1.3,1,12,3,0,1,13.0,2034.0,703.0,150.0,70.0,支援|输出
特种,推击手,pusher,4,PHYSICAL,MELEE,2.0,1.2,1,2.0,1.0,0.0,0.0,21.0,1937.0,653.0,382.0,70.0,位移|控场|减速
特种,炼金师,alchemist,2,PHYSICAL,RANGED,1.0,1.5,1,13.0,2.0,0.0,2.0,17.5,1143.5,485.0,102.5,70.0,削弱|支援|输出
特种,行商,merchant,5,PHYSICAL,MELEE,1.0,1.0,1,2,1,0,0,8.5,2395.5,765.0,426.5,25.0,快速复活|输出|控场
特种,钩索师,hookmaster,5,PHYSICAL,MELEE,2.0,1.8,1,4,3,0,0,14.0,2050.0,755.0,347.5,70.0,位移|输出|减速
特种,陷阱师,traper,6,PHYSICAL,RANGED,1.0,0.85,1,12.0,3.0,0.0,1.0,12.0,1459.0,555.0,169.0,70.0,召唤|控场|输出
