prof,rarity,n,cost,cost_e0,hp,atk,def_,dps_raw,dps_per_cost,hp_per_cost
先锋,3,3,11.0,9.0,1270.0,355.0,260.0,338.1,30.74,120.5
先锋,4,6,11.5,9.5,1740.0,495.0,305.0,430.95,38.65,160.95
先锋,5,19,13.0,11.0,1950.0,533.0,343.0,497.1,37.65,155.0
先锋,6,11,14.0,12.0,2121.0,530.0,372.0,501.0,35.79,152.9
近卫,3,3,16.0,14.0,1858.0,497.0,245.0,412.5,23.89,103.3
近卫,4,15,18.0,16.0,2378.0,644.0,323.0,554.8,27.35,134.9
近卫,5,34,20.5,18.0,2579.0,675.0,352.5,604.6,27.67,123.6
近卫,6,30,21.0,19.0,2900.5,709.0,389.0,592.65,26.41,138.95
重装,3,3,18.0,16.0,2035.0,305.0,475.0,254.2,14.12,113.1
重装,4,6,21.0,17.0,3170.0,405.0,603.5,337.5,14.78,137.7
重装,5,22,25.0,21.0,3220.0,574.0,578.5,376.55,15.34,128.45
重装,6,15,25.0,21.0,3608.0,619.0,615.0,419.4,16.8,143.2
狙击,3,3,11.0,9.0,1080.0,375.0,126.0,365.0,33.18,96.4
狙击,4,10,16.0,13.0,1585.5,633.5,157.0,462.2,32.13,95.05
狙击,5,26,21.0,19.0,1624.0,812.5,165.0,416.25,18.98,74.85
狙击,6,17,22.0,20.0,1788.0,842.0,172.0,444.8,20.22,78.2
术师,3,2,24.0,21.5,1120.5,526.0,92.5,247.25,11.51,49.55
术师,4,7,31.0,28.0,1440.0,680.0,117.0,242.3,7.71,49.9
术师,5,27,23.0,21.0,1532.0,633.0,121.0,324.4,14.64,64.0
术师,6,21,24.0,22.0,1678.0,695.0,130.0,403.1,17.62,68.3
医疗,3,2,17.0,15.0,1177.5,353.5,109.5,124.05,7.29,69.3
医疗,4,6,18.0,16.0,1392.5,452.0,126.5,158.6,8.92,80.05
医疗,5,20,18.5,16.5,1565.0,464.0,129.5,162.8,8.61,84.85
医疗,6,9,18.0,16.0,1620.0,528.0,138.0,185.3,9.3,85.3
辅助,3,1,12.0,10.0,935.0,378.0,83.0,198.9,16.57,77.9
辅助,4,4,14.0,12.0,1184.0,486.0,113.0,255.75,19.73,95.55
辅助,5,26,12.5,10.5,1460.0,446.5,166.0,276.6,22.14,133.9
辅助,6,15,15.0,13.0,1480.0,480.0,140.0,291.9,21.54,92.5
特种,4,7,14.0,12.0,1785.0,674.0,337.0,483.3,33.7,143.3
特种,5,23,15.0,13.0,1845.0,692.0,318.0,564.5,38.45,143.2
特种,6,19,13.0,11.0,1758.0,703.0,322.0,600.0,41.89,144.3
