group,n,hp_med,hp_min,hp_max,atk_med,atk_min,atk_max,def__med,def__min,def__max,res_med,res_min,res_max,cost_med,cost_min,cost_max,block_med,block_min,block_max,bat_med,bat_min,bat_max,respawn_med,respawn_min,respawn_max,dps_raw_med,dps_raw_min,dps_raw_max,dps_per_cost_med,dps_per_cost_min,dps_per_cost_max,hp_per_cost_med,hp_per_cost_min,hp_per_cost_max,rangeCells_med,rangeCells_min,rangeCells_max
"('先锋', 1)",2,680.0,590,770,149.5,107,192,99.5,45,154,0.0,0.0,0.0,3.0,3,3,1.5,1,2,1.02,1.0,1.05,200.0,200,200,144.95,107.0,182.9,48.32,35.67,60.97,226.7,196.7,256.7,6.0,2,10
"('先锋', 2)",1,1030,1030,1030,232,232,232,192,192,192,0.0,0.0,0.0,7,7,7,2,2,2,1.05,1.05,1.05,70,70,70,221.0,221.0,221.0,31.57,31.57,31.57,147.1,147.1,147.1,2,2,2
"('先锋', 3)",3,1270,1226,1325,355,325,445,260,240,279,0.0,0.0,0.0,11,10,11,2,1,2,1.05,1.0,1.05,70,70,70,338.1,309.5,445.0,30.74,28.14,44.5,120.5,115.5,122.6,2,2,2
"('先锋', 4)",6,1740.0,1565,1985,495.0,405,558,305.0,125,351,0.0,0.0,0.0,11.5,9,13,1.0,1,2,1.02,1.0,1.3,70.0,35,70,430.95,400.0,558.0,38.65,31.15,59.67,160.95,120.7,182.8,2.0,2,12
"('先锋', 5)",19,1950,1370,2235,533,442,600,343,122,400,0.0,0.0,15.0,13,10,14,1,1,2,1.0,1.0,1.3,70,35,80,497.1,386.2,570.0,37.65,30.42,56.0,155.0,97.9,195.0,2,2,12
"('先锋', 6)",11,2121,1755,2484,530,462,618,372,117,397,0.0,0.0,15.0,14,11,17,1,1,2,1.05,1.0,1.3,70,35,70,501.0,420.0,589.0,35.79,27.18,53.55,152.9,103.2,192.8,2,2,12
"('医疗', 1)",1,435,435,435,70,70,70,27,27,27,0.0,0.0,0.0,3,3,3,1,1,1,2.85,2.85,2.85,200,200,200,24.6,24.6,24.6,8.2,8.2,8.2,145.0,145.0,145.0,10,10,10
"('医疗', 3)",2,1177.5,1135,1220,353.5,345,362,109.5,109,110,0.0,0.0,0.0,17.0,17,17,1.0,1,1,2.85,2.85,2.85,70.0,70,70,124.05,121.1,127.0,7.29,7.12,7.47,69.3,66.8,71.8,12.0,12,12
"('医疗', 4)",6,1392.5,1137,1580,452.0,320,488,126.5,101,152,0.0,0.0,10.0,18.0,14,19,1.0,1,1,2.85,2.85,2.85,70.0,70,80,158.6,112.3,171.2,8.92,7.02,9.75,80.05,71.8,97.5,12.0,12,18
"('医疗', 5)",20,1565.0,1367,1810,464.0,330,550,129.5,99,185,0.0,0.0,20.0,18.5,15,22,1.0,1,1,2.85,1.6,2.85,70.0,70,80,162.8,115.8,343.8,8.61,6.09,20.22,84.85,66.1,100.6,12.0,12,18
"('医疗', 6)",9,1620,1405,1825,528,350,550,138,84,276,5.0,0.0,20.0,18,16,23,1,1,1,2.85,1.6,2.85,70,70,80,185.3,122.8,343.8,9.3,6.82,20.22,85.3,79.3,96.4,12,12,18
"('术师', 1)",1,525,525,525,261,261,261,52,52,52,10.0,10.0,10.0,3,3,3,1,1,1,1.6,1.6,1.6,200,200,200,163.1,163.1,163.1,54.37,54.37,54.37,175.0,175.0,175.0,9,9,9
"('术师', 2)",2,1206.5,952,1461,386.0,340,432,56.0,50,62,10.0,10.0,10.0,18.0,12,24,1.0,1,1,2.25,1.6,2.9,70.0,70,70,180.75,149.0,212.5,11.96,6.21,17.71,70.1,60.9,79.3,8.0,7,9
"('术师', 3)",2,1120.5,1100,1141,526.0,470,582,92.5,90,95,15.0,15.0,15.0,24.0,18,30,1.0,1,1,2.25,1.6,2.9,70.0,70,70,247.25,200.7,293.8,11.51,6.69,16.32,49.55,38.0,61.1,9.5,9,10
"('术师', 4)",7,1440,1326,1598,680,315,1116,117,108,130,20.0,20.0,20.0,31,19,32,1,1,1,2.9,1.3,3.0,70,70,70,242.3,234.5,372.0,7.71,7.33,19.18,49.9,42.8,74.7,10,6,10
"('术师', 5)",27,1532,1309,2005,633,294,1259,121,70,205,20.0,15.0,20.0,23,20,35,1,1,1,2.0,1.3,3.0,70,70,80,324.4,226.2,419.7,14.64,7.86,19.53,64.0,42.4,87.3,10,6,13
"('术师', 6)",21,1678,1428,2106,695,331,1410,130,117,265,20.0,15.0,20.0,24,21,34,1,1,1,2.0,1.3,3.0,70,70,80,403.1,254.6,470.0,17.62,8.46,20.69,68.3,47.2,91.6,10,6,13
"('特种', 1)",1,1443,1443,1443,260,260,260,443,443,443,50.0,50.0,50.0,3,3,3,0,0,0,0.93,0.93,0.93,200,200,200,279.6,279.6,279.6,93.2,93.2,93.2,481.0,481.0,481.0,9,9,9
"('特种', 4)",7,1785,1420,2284,674,452,742,337,259,393,0.0,0.0,30.0,14,7,19,2,0,2,1.2,0.93,3.5,70,18,70,483.3,212.0,674.0,33.7,11.16,96.29,143.3,80.5,326.3,2,2,10
"('特种', 5)",23,1845,1114,2436,692,469,811,318,99,410,0.0,0.0,30.0,15,8,22,1,0,2,1.2,0.85,3.5,70,18,80,564.5,228.0,741.0,38.45,10.5,92.62,143.2,65.5,299.8,3,2,13
"('特种', 6)",19,1758,1173,2805,703,501,954,322,106,520,0.0,0.0,30.0,13,9,21,1,0,2,1.2,0.85,3.5,70,18,80,600.0,247.1,810.0,41.89,11.77,90.0,144.3,65.2,269.7,3,2,13
"('狙击', 1)",2,506.5,495,518,224.0,172,276,46.0,41,51,0.0,0.0,0.0,3.0,3,3,1.0,1,1,1.55,1.0,2.1,200.0,200,200,151.7,131.4,172.0,50.56,43.8,57.33,168.85,165.0,172.7,11.0,10,12
"('狙击', 2)",1,780,780,780,269,269,269,66,66,66,0.0,0.0,0.0,7,7,7,1,1,1,1.0,1.0,1.0,70,70,70,269.0,269.0,269.0,38.43,38.43,38.43,111.4,111.4,111.4,10,10,10
"('狙击', 3)",3,1080,1060,1150,375,365,617,126,85,134,0.0,0.0,0.0,11,11,23,1,1,1,1.0,1.0,2.8,70,70,70,365.0,220.4,375.0,33.18,9.58,34.09,96.4,50.0,98.2,12,12,13
"('狙击', 4)",10,1585.5,1230,2200,633.5,465,977,157.0,100,209,0.0,0.0,0.0,16.0,12,30,1.0,1,1,1.3,1.0,2.8,70.0,70,70,462.2,284.6,600.0,32.13,9.67,42.86,95.05,60.4,157.1,12.0,7,19
"('狙击', 5)",26,1624.0,1230,2376,812.5,502,1085,165.0,115,240,0.0,0.0,15.0,21.0,13,31,1.0,1,1,2.1,1.0,2.8,70.0,70,80,416.25,297.5,640.0,18.98,9.69,41.15,74.85,53.8,138.2,12.0,7,19
"('狙击', 6)",17,1788,1448,2501,842,528,1201,172,113,256,0.0,0.0,15.0,22,14,32,1,1,1,2.1,1.0,2.8,70,70,70,444.8,307.5,675.0,20.22,10.5,42.19,78.2,55.3,156.2,13,7,19
"('辅助', 1)",2,390.0,385,395,153.5,102,205,29.0,28,30,2.5,0.0,5.0,3.0,3,3,1.0,1,1,1.45,1.3,1.6,200.0,200,200,103.3,78.5,128.1,34.44,26.17,42.7,130.0,128.3,131.7,10.5,9,12
"('辅助', 3)",1,935,935,935,378,378,378,83,83,83,15.0,15.0,15.0,12,12,12,1,1,1,1.9,1.9,1.9,70,70,70,198.9,198.9,198.9,16.57,16.57,16.57,77.9,77.9,77.9,12,12,12
"('辅助', 4)",4,1184.0,1050,2470,486.0,403,535,113.0,96,415,17.5,0.0,20.0,14.0,10,17,1.0,1,2,1.75,1.5,1.9,70.0,70,70,255.75,251.9,356.7,19.73,18.04,25.19,95.55,83.1,145.3,11.0,2,12
"('辅助', 5)",26,1460.0,1031,2680,446.5,309,775,166.0,68,437,20.0,0.0,25.0,12.5,7,20,1.0,1,2,1.6,1.3,2.1,70.0,70,80,276.6,237.7,376.7,22.14,16.95,36.81,133.9,63.5,201.4,12.5,2,16
"('辅助', 6)",15,1480,1069,2723,480,368,614,140,104,446,20.0,0.0,25.0,15,8,19,1,1,2,1.6,1.3,1.9,70,70,80,291.9,274.2,409.3,21.54,15.58,35.39,92.5,75.0,200.4,12,2,16
"('近卫', 1)",2,1047.5,904,1191,297.5,242,353,107.5,90,125,0.0,0.0,0.0,3.0,3,3,1.5,1,2,1.4,1.3,1.5,200.0,200,200,210.75,186.2,235.3,70.25,62.07,78.43,349.15,301.3,397.0,2.0,2,2
"('近卫', 3)",3,1858,1653,2745,497,495,738,245,155,282,0.0,0.0,10.0,16,15,19,2,1,2,1.3,1.2,1.5,70,70,70,412.5,382.3,492.0,23.89,21.71,32.8,103.3,97.8,183.0,2,2,8
"('近卫', 4)",15,2378,2024,5432,644,290,1387,323,0,486,0.0,0.0,15.0,18,9,24,2,1,3,1.3,0.78,2.5,70,70,70,554.8,241.7,678.2,27.35,20.91,75.36,134.9,102.4,335.5,2,2,8
"('近卫', 5)",34,2579.0,1900,5669,675.0,302,1438,352.5,0,501,0.0,0.0,15.0,20.5,10,25,2.0,1,3,1.25,0.78,2.5,70.0,70,80,604.6,251.7,735.9,27.67,19.36,69.87,123.6,96.4,301.0,2.0,2,8
"('近卫', 6)",30,2900.5,1963,6022,709.0,355,1576,389.0,0,502,0.0,0.0,15.0,21.0,11,26,2.0,1,3,1.3,0.78,2.5,70.0,70,80,592.65,295.8,775.6,26.41,20.4,70.51,138.95,102.8,325.5,2.0,2,8
"('重装', 1)",1,1152,1152,1152,198,198,198,235,235,235,0.0,0.0,0.0,3,3,3,3,3,3,1.2,1.2,1.2,200,200,200,165.0,165.0,165.0,55.0,55.0,55.0,384.0,384.0,384.0,1,1,1
"('重装', 2)",1,1670,1670,1670,240,240,240,315,315,315,0.0,0.0,0.0,14,14,14,3,3,3,1.2,1.2,1.2,70,70,70,200.0,200.0,200.0,14.29,14.29,14.29,119.3,119.3,119.3,1,1,1
"('重装', 3)",3,2035,1833,2130,305,295,320,475,442,490,0.0,0.0,10.0,18,17,18,3,3,3,1.2,1.2,1.2,70,70,70,254.2,245.8,266.7,14.12,13.66,15.69,113.1,107.8,118.3,1,1,1
"('重装', 4)",6,3170.0,2550,3550,405.0,365,790,603.5,495,690,7.5,0.0,15.0,21.0,20,34,3.0,3,3,1.2,1.2,1.6,70.0,70,70,337.5,304.2,493.8,14.78,14.49,18.12,137.7,104.4,162.7,1.0,1,1
"('重装', 5)",22,3220.0,2770,4027,574.0,375,1002,578.5,540,721,10.0,0.0,15.0,25.0,21,35,3.0,1,3,1.6,1.2,2.8,70.0,70,80,376.55,308.9,626.2,15.34,11.44,19.57,128.45,105.4,160.0,1.0,1,7
"('重装', 6)",15,3608,3067,4468,619,430,1007,615,559,726,10.0,0.0,15.0,25,22,36,3,1,3,1.5,1.2,2.8,70,70,80,419.4,334.3,629.4,16.8,11.94,19.07,143.2,109.1,167.4,2,1,7
