chapter,rec_phase,rec_level,exp_5star,enemy_hp_med,enemy_def_med,enemy_res_med,enemy_def_p90,stage_hp_per_cost,stage_total_hp,5★近卫_atk,5★近卫_hits_to_kill,5★近卫_secs_to_kill,5★狙击_atk,5★狙击_hits_to_kill,5★狙击_secs_to_kill,5★术师_atk,5★术师_hits_to_kill,5★术师_secs_to_kill,4★近卫_atk,4★近卫_hits_to_kill,4★近卫_secs_to_kill
0,0,1,0,550,0,0.0,100,199.6,19560.0,289.0,1.9,2.4,350.0,1.6,3.3,293.0,1.9,3.8,273.0,2.0,2.6
1,0,10,1512,1550.0,0.0,0.0,100,424.25,60575.0,311.8,5.0,6.2,375.8,4.1,8.7,313.9,4.9,9.9,298.2,5.2,6.8
2,0,35,12905,1700.0,85.0,0.0,150,601.85,110280.0,377.6,5.8,7.3,449.9,4.7,9.8,372.1,4.6,9.1,366.2,6.0,7.9
3,1,20,35572,2000,80,20.0,120,828.65,156750.0,454.7,5.3,6.7,532.4,4.4,9.3,438.7,5.7,11.4,431.1,5.7,7.4
4,1,45,82582,2750,100,0.0,230,843.5,172675.0,502.5,6.8,8.5,580.9,5.7,12.0,484.6,5.7,11.3,484.9,7.1,9.3
5,1,65,193715,3200.0,50.0,25.0,250,1028.0,223400.0,541.0,6.5,8.1,619.8,5.6,11.8,518.6,8.2,16.5,518.0,6.8,8.9
6,1,70,239400,3250.0,100.0,20.0,250,1112.05,215150.0,551.0,7.2,9.0,629.5,6.1,12.9,527.0,7.7,15.4,518.0,7.8,10.1
7,2,10,245151,3300,300,20.0,400,1006.45,217850.0,564.0,12.5,15.6,649.9,9.4,19.8,539.3,7.6,15.3,533.9,14.1,18.3
8,2,20,262181,3500.0,150.0,20.0,500,1265.9,240000.0,578.9,8.2,10.2,673.1,6.7,14.1,553.0,7.9,15.8,551.6,8.7,11.3
