stageId,code,chapter,zone,phase,level,apCost,expGain,goldGain,exp_5star_from_zero
main_00-01,0-1,0,main_0,0,1,6,60,60,0
main_00-02,0-2,0,main_0,0,1,6,60,60,0
main_00-03,0-3,0,main_0,0,1,6,60,60,0
main_00-04,0-4,0,main_0,0,1,6,60,60,0
main_00-05,0-5,0,main_0,0,1,6,60,60,0
main_00-06,0-6,0,main_0,0,1,6,60,60,0
main_00-07,0-7,0,main_0,0,1,6,60,60,0
main_00-08,0-8,0,main_0,0,1,6,60,60,0
main_00-09,0-9,0,main_0,0,1,6,60,60,0
main_00-10,0-10,0,main_0,0,1,6,60,60,0
main_00-11,0-11,0,main_0,0,1,6,60,60,0
main_01-01,1-1,1,main_1,0,5,6,60,0,502
main_01-02,1-2,1,main_1,0,5,0,0,0,502
main_01-03,1-3,1,main_1,0,5,6,60,60,502
main_01-04,1-4,1,main_1,0,5,6,60,60,502
main_01-05,1-5,1,main_1,0,10,6,60,60,1512
main_01-06,1-6,1,main_1,0,10,6,60,60,1512
main_01-07,1-7,1,main_1,0,10,6,60,60,1512
main_01-08,1-8,1,main_1,0,15,9,90,90,2947
main_01-09,1-9,1,main_1,0,15,9,90,90,2947
main_01-10,1-10,1,main_1,0,15,9,90,90,2947
main_01-11,1-11,1,main_1,0,20,0,0,0,4807
main_01-12,1-12,1,main_1,0,20,9,90,90,4807
main_02-01,2-1,2,main_2,0,20,9,90,90,4807
main_02-02,2-2,2,main_2,0,25,9,90,90,7092
main_02-03,2-3,2,main_2,0,30,12,120,120,9800
main_02-04,2-4,2,main_2,0,30,12,120,120,9800
main_02-05,2-5,2,main_2,0,35,12,120,120,12905
main_02-06,2-6,2,main_2,0,35,12,120,120,12905
main_02-07,2-7,2,main_2,0,35,12,120,0,12905
main_02-08,2-8,2,main_2,0,40,12,120,120,16400
main_02-09,2-9,2,main_2,0,40,12,120,120,16400
main_02-10,2-10,2,main_2,1,1,15,150,150,24400
main_03-01,3-1,3,main_3,0,40,15,150,150,16400
main_03-02,3-2,3,main_3,1,1,15,150,150,24400
main_03-03,3-3,3,main_3,1,10,15,150,150,27352
main_03-04,3-4,3,main_3,1,20,15,150,150,35572
main_03-05,3-5,3,main_3,1,20,15,150,150,35572
main_03-06,3-6,3,main_3,1,25,15,150,0,41632
main_03-07,3-7,3,main_3,1,25,15,150,150,41632
main_03-08,3-8,3,main_3,1,35,18,180,180,57912
main_04-01,4-1,4,main_4,1,30,18,180,0,48992
main_04-02,4-2,4,main_4,1,30,18,180,180,48992
main_04-03,4-3,4,main_4,1,35,18,180,180,57912
main_04-04,4-4,4,main_4,1,40,18,180,180,68782
main_04-05,4-5,4,main_4,1,40,18,180,180,68782
main_04-06,4-6,4,main_4,1,45,18,180,180,82582
main_04-07,4-7,4,main_4,1,50,18,180,180,100782
main_04-08,4-8,4,main_4,1,45,21,210,210,82582
main_04-09,4-9,4,main_4,1,50,21,210,210,100782
main_04-10,4-10,4,main_4,1,70,21,210,210,239400
main_05-01,5-1,5,main_5,1,50,18,180,180,100782
main_05-02,5-2,5,main_5,1,50,18,180,180,100782
main_05-03,5-3,5,main_5,1,70,18,180,180,239400
main_05-04,5-4,5,main_5,1,60,18,180,180,154400
main_05-05,5-5,5,main_5,1,60,18,180,180,154400
main_05-06,5-6,5,main_5,1,60,18,180,180,154400
main_05-07,5-7,5,main_5,2,10,21,210,210,245151
main_05-08,5-8,5,main_5,1,65,18,180,180,193715
main_05-09,5-9,5,main_5,2,10,18,180,180,245151
main_05-10,5-10,5,main_5,2,20,21,210,210,262181
main_06-01,6-1,6,main_6,1,60,18,180,180,154400
main_06-02,6-2,6,main_6,1,60,18,180,180,154400
main_06-03,6-3,6,main_6,1,65,18,180,180,193715
main_06-04,6-4,6,main_6,1,70,18,180,180,239400
main_06-05,6-5,6,main_6,2,10,18,180,180,245151
main_06-06,6-7,6,main_6,2,25,0,0,0,274896
main_06-07,6-8,6,main_6,1,60,18,180,180,154400
main_06-08,6-9,6,main_6,1,65,18,180,180,193715
main_06-09,6-10,6,main_6,1,65,18,180,180,193715
main_06-10,6-11,6,main_6,2,15,21,210,210,252266
main_06-11,6-12,6,main_6,1,70,18,180,180,239400
main_06-12,6-14,6,main_6,2,10,18,180,180,245151
main_06-13,6-15,6,main_6,2,10,18,180,180,245151
main_06-14,6-16,6,main_6,2,25,21,210,210,274896
main_07-01,7-2,7,main_7,1,70,18,180,180,239400
main_07-02,7-3,7,main_7,1,70,18,180,180,239400
main_07-03,7-4,7,main_7,2,1,18,180,180,239400
main_07-04,7-5,7,main_7,2,1,18,180,180,239400
main_07-05,7-6,7,main_7,2,1,18,180,180,239400
main_07-06,7-8,7,main_7,2,1,18,180,180,239400
main_07-07,7-9,7,main_7,2,20,21,210,210,262181
main_07-08,7-10,7,main_7,2,1,18,180,180,239400
main_07-09,7-11,7,main_7,2,1,18,180,180,239400
main_07-10,7-12,7,main_7,2,25,18,180,180,274896
main_07-11,7-13,7,main_7,2,10,18,180,180,245151
main_07-12,7-14,7,main_7,2,10,18,180,180,245151
main_07-13,7-15,7,main_7,2,10,18,180,180,245151
main_07-14,7-16,7,main_7,2,25,18,180,180,274896
main_07-15,7-17,7,main_7,2,15,21,210,210,252266
main_07-16,7-18,7,main_7,2,30,21,210,210,290411
main_08-01,R8-1,8,main_8,2,10,18,180,0,245151
main_08-02,R8-2,8,main_8,2,10,18,180,180,245151
main_08-03,R8-3,8,main_8,2,10,18,180,180,245151
main_08-04,R8-4,8,main_8,2,15,18,180,180,252266
main_08-05,R8-5,8,main_8,2,15,18,180,180,252266
main_08-06,R8-6,8,main_8,2,15,18,180,180,252266
main_08-07,R8-7,8,main_8,2,15,18,180,180,252266
main_08-08,R8-8,8,main_8,2,25,18,180,180,274896
main_08-09,M8-6,8,main_8,2,20,18,180,180,262181
main_08-10,R8-9,8,main_8,2,20,18,180,180,262181
main_08-11,R8-10,8,main_8,2,20,18,180,180,262181
main_08-12,M8-7,8,main_8,2,20,21,210,210,262181
main_08-13,R8-11,8,main_8,2,25,21,210,210,274896
main_08-14,M8-8,8,main_8,2,30,18,180,180,290411
main_08-16,JT8-2,8,main_8,2,30,21,210,210,290411
main_08-17,JT8-3,8,main_8,2,40,18,180,180,332136
main_09-01,9-2,9,main_9,1,30,18,180,0,48992
main_09-02,9-3,9,main_9,1,30,18,180,180,48992
main_09-03,9-4,9,main_9,1,35,18,180,180,57912
main_09-04,9-5,9,main_9,1,40,18,180,180,68782
main_09-05,9-6,9,main_9,1,40,18,180,180,68782
main_09-06,9-7,9,main_9,1,45,18,180,180,82582
main_09-07,9-9,9,main_9,1,50,18,180,180,100782
main_09-08,9-10,9,main_9,1,50,18,180,180,100782
main_09-09,9-11,9,main_9,1,60,18,180,180,154400
main_09-10,9-12,9,main_9,1,60,18,180,180,154400
main_09-11,9-13,9,main_9,1,70,18,180,180,239400
main_09-12,9-14,9,main_9,1,70,21,210,210,239400
main_09-13,9-15,9,main_9,1,70,18,180,180,239400
main_09-14,9-16,9,main_9,2,1,18,180,180,239400
main_09-15,9-17,9,main_9,2,1,18,180,180,239400
main_09-16,9-18,9,main_9,2,10,21,210,210,245151
main_09-17,9-19,9,main_9,2,25,21,210,210,274896
main_10-01,10-2,10,main_10,1,60,21,210,210,154400
main_10-02,10-3,10,main_10,1,65,21,210,210,193715
main_10-03,10-4,10,main_10,2,1,21,210,210,239400
main_10-04,10-5,10,main_10,2,1,21,210,210,239400
main_10-05,10-6,10,main_10,2,1,21,210,210,239400
main_10-06,10-7,10,main_10,2,20,24,240,240,262181
main_10-07,10-8,10,main_10,2,1,21,210,0,239400
main_10-08,10-9,10,main_10,2,1,21,210,210,239400
main_10-09,10-10,10,main_10,2,10,21,210,210,245151
main_10-10,10-11,10,main_10,2,25,24,240,240,274896
main_10-11,10-12,10,main_10,2,15,21,210,210,252266
main_10-12,10-14,10,main_10,2,10,21,210,210,245151
main_10-13,10-15,10,main_10,2,25,24,240,240,274896
main_10-14,10-16,10,main_10,2,10,21,210,210,245151
main_10-15,10-17,10,main_10,2,30,24,240,240,290411
main_11-01,11-1,11,main_11,2,1,21,210,210,239400
main_11-02,11-2,11,main_11,2,1,21,210,210,239400
main_11-03,11-3,11,main_11,2,20,21,210,210,262181
main_11-04,11-5,11,main_11,2,10,21,210,210,245151
main_11-05,11-6,11,main_11,2,15,21,210,210,252266
main_11-06,11-7,11,main_11,2,20,21,210,210,262181
main_11-07,11-8,11,main_11,2,30,24,240,240,290411
main_11-08,11-9,11,main_11,2,30,21,210,0,290411
main_11-09,11-11,11,main_11,2,25,21,210,210,274896
main_11-10,11-12,11,main_11,2,30,24,240,240,290411
main_11-11,11-13,11,main_11,2,25,21,210,210,274896
main_11-12,11-14,11,main_11,2,25,21,210,210,274896
main_11-13,11-15,11,main_11,2,35,24,240,240,309236
main_11-14,11-16,11,main_11,2,30,21,210,210,290411
main_11-16,11-18,11,main_11,2,20,21,210,210,262181
main_11-18,11-20,11,main_11,2,40,24,240,240,332136
main_12-01,12-2,12,main_12,1,60,21,210,0,154400
main_12-02,12-3,12,main_12,2,1,21,210,210,239400
main_12-03,12-4,12,main_12,2,10,21,210,210,245151
main_12-04,12-5,12,main_12,2,10,21,210,210,245151
main_12-05,12-6,12,main_12,2,15,21,210,210,252266
main_12-06,12-7,12,main_12,2,30,24,240,240,290411
main_12-07,12-8,12,main_12,2,15,21,210,210,252266
main_12-08,12-9,12,main_12,2,25,21,210,210,274896
main_12-09,12-10,12,main_12,2,30,21,210,210,290411
main_12-10,12-12,12,main_12,2,30,21,210,210,290411
main_12-11,12-13,12,main_12,2,35,24,240,240,309236
main_12-12,12-14,12,main_12,2,25,21,210,210,274896
main_12-13,12-15,12,main_12,2,25,21,210,210,274896
main_12-14,12-16,12,main_12,2,20,0,0,0,262181
main_12-15,12-17,12,main_12,2,30,21,210,210,290411
main_12-16,12-18,12,main_12,2,35,21,210,210,309236
main_12-17,12-19,12,main_12,2,50,24,240,240,390161
main_12-18,12-20,12,main_12,2,60,24,240,240,466286
main_13-01,13-2,13,main_13,2,1,21,210,210,239400
main_13-02,13-3,13,main_13,2,1,21,210,210,239400
main_13-03,13-4,13,main_13,2,10,21,210,210,245151
main_13-04,13-5,13,main_13,2,20,24,240,240,262181
main_13-05,13-6,13,main_13,1,60,21,210,210,154400
main_13-06,13-7,13,main_13,1,60,21,210,210,154400
main_13-07,13-8,13,main_13,2,1,21,210,0,239400
main_13-08,13-10,13,main_13,2,10,21,210,210,245151
main_13-09,13-11,13,main_13,2,30,24,240,240,290411
main_13-10,13-12,13,main_13,2,15,21,210,210,252266
main_13-11,13-13,13,main_13,2,25,21,210,210,274896
main_13-12,13-14,13,main_13,2,25,21,210,210,274896
main_13-13,13-15,13,main_13,2,35,24,240,240,309236
main_13-14,13-16,13,main_13,2,25,21,210,210,274896
main_13-15,13-17,13,main_13,2,30,21,210,210,290411
main_13-16,13-18,13,main_13,2,50,24,240,240,390161
main_13-17,13-19,13,main_13,2,30,21,210,210,290411
main_13-18,13-20,13,main_13,2,35,21,210,210,309236
main_13-19,13-21,13,main_13,2,60,24,240,240,466286
main_14-01,14-2,14,main_14,0,20,21,210,210,4807
main_14-02,14-3,14,main_14,0,35,21,210,210,12905
main_14-03,14-4,14,main_14,1,1,21,210,210,24400
main_14-04,14-5,14,main_14,1,20,21,210,210,35572
main_14-05,14-6,14,main_14,1,30,21,210,210,48992
main_14-06,14-7,14,main_14,1,50,21,210,210,100782
main_14-07,14-8,14,main_14,1,60,21,210,210,154400
main_14-08,14-9,14,main_14,2,10,24,240,240,245151
main_14-10,14-11,14,main_14,2,15,21,210,210,252266
main_14-11,14-12,14,main_14,2,20,21,210,210,262181
main_14-12,14-14,14,main_14,2,20,21,210,210,262181
main_14-13,14-15,14,main_14,2,20,21,210,210,262181
main_14-14,14-16,14,main_14,2,20,21,210,210,262181
main_14-15,14-17,14,main_14,2,30,24,240,240,290411
main_14-16,14-18,14,main_14,2,50,24,240,240,390161
main_14-17,14-19,14,main_14,2,30,21,210,210,290411
main_14-18,14-20,14,main_14,2,40,24,240,240,332136
main_14-19,14-21,14,main_14,2,60,24,240,240,466286
main_15-02,15-3,15,act2mainss_zone1,0,20,21,210,0,4807
main_15-03,15-4,15,act2mainss_zone1,0,35,21,210,210,12905
main_15-04,15-5,15,act2mainss_zone1,1,1,21,210,210,24400
main_15-05,15-6,15,act2mainss_zone1,1,20,21,210,210,35572
main_15-06,15-7,15,act2mainss_zone1,1,30,21,210,210,48992
main_15-07,15-8,15,act2mainss_zone1,1,50,21,210,210,100782
main_15-08,15-9,15,act2mainss_zone1,1,60,21,210,210,154400
main_15-09,15-10,15,act2mainss_zone1,2,1,24,240,240,239400
main_15-10,15-11,15,act2mainss_zone1,2,15,21,210,210,252266
main_15-11,15-12,15,act2mainss_zone1,2,20,21,210,210,262181
main_15-12,15-13,15,act2mainss_zone1,2,20,21,210,210,262181
main_15-13,15-14,15,act2mainss_zone1,2,30,24,240,240,290411
main_15-14,15-15,15,act2mainss_zone1,2,30,21,210,210,290411
main_15-15,15-17,15,act2mainss_zone1,2,40,21,210,210,332136
main_15-16,15-18,15,act2mainss_zone1,2,40,21,210,210,332136
main_15-18,15-20,15,act2mainss_zone1,2,50,24,240,240,390161
main_16-01,16-2,16,act3mainss_zone1,0,30,21,210,210,9800
main_16-02,16-3,16,act3mainss_zone1,0,30,21,210,210,9800
main_16-03,16-4,16,act3mainss_zone1,0,40,21,210,210,16400
main_16-04,16-5,16,act3mainss_zone1,1,1,21,210,210,24400
main_16-05,16-6,16,act3mainss_zone1,1,20,21,210,210,35572
main_16-06,16-7,16,act3mainss_zone1,1,50,24,240,240,100782
main_16-07,16-8,16,act3mainss_zone1,1,30,21,210,0,48992
main_16-09,16-10,16,act3mainss_zone1,2,1,21,210,210,239400
main_16-10,16-11,16,act3mainss_zone1,2,15,21,210,210,252266
main_16-11,16-12,16,act3mainss_zone1,2,20,24,240,240,262181
main_16-12,16-13,16,act3mainss_zone1,2,20,21,210,210,262181
main_16-13,16-14,16,act3mainss_zone1,2,30,21,210,210,290411
main_16-14,16-15,16,act3mainss_zone1,2,30,21,210,210,290411
main_16-15,16-16,16,act3mainss_zone1,2,40,24,240,240,332136
main_16-16,16-17,16,act3mainss_zone1,2,40,21,210,210,332136
main_17-01,17-2,17,act4mainss_zone1,0,30,21,210,0,9800
main_17-02,17-3,17,act4mainss_zone1,0,30,21,210,210,9800
main_17-03,17-4,17,act4mainss_zone1,0,40,21,210,210,16400
main_17-04,17-5,17,act4mainss_zone1,1,1,21,210,210,24400
main_17-05,17-6,17,act4mainss_zone1,1,20,24,240,240,35572
main_17-06,17-7,17,act4mainss_zone1,1,30,21,210,210,48992
main_17-07,17-8,17,act4mainss_zone1,1,50,21,210,210,100782
main_17-08,17-9,17,act4mainss_zone1,1,60,21,210,210,154400
main_17-09,17-10,17,act4mainss_zone1,2,1,21,210,210,239400
main_17-10,17-11,17,act4mainss_zone1,2,15,21,210,210,252266
main_17-11,17-12,17,act4mainss_zone1,2,20,24,240,240,262181
main_17-12,17-13,17,act4mainss_zone1,2,20,21,210,210,262181
main_17-13,17-14,17,act4mainss_zone1,2,30,0,0,0,290411
main_17-14,17-15,17,act4mainss_zone1,2,30,24,240,240,290411
main_17-16,17-17,17,act4mainss_zone1,2,40,21,210,210,332136
