code,chapter,enemies,span_s,total_hp,hp_q1,hp_q2,hp_q3,hp_q4,n_q1,n_q2,n_q3,n_q4,hp_center,max_gap_s,lulls_ge10s,windows20,hp_per_20s_med,ramp_last_over_first_third,elite_pos_med,boss_first_pos
0-1,0,11,58.7,7150,0.231,0.231,0.154,0.385,3,3,2,3,0.594,11.0,4,3,1650,2.33,,
0-3,0,23,85.6,18650,0.177,0.324,0.072,0.426,6,7,2,8,0.559,14.0,3,5,3300,0.58,,
0-5,0,24,92.0,19560,0.126,0.196,0.254,0.424,3,6,5,10,0.622,13.0,2,5,4140,2.15,,
0-6,0,31,98.8,30240,0.163,0.266,0.193,0.378,6,9,5,11,0.603,18.0,4,5,5840,3.15,,
0-7,0,20,90.0,18800,0.226,0.263,0.088,0.423,5,5,3,7,0.562,14.0,4,5,3850,1.11,,
0-8,0,40,97.0,29700,0.13,0.111,0.389,0.37,7,2,21,10,0.644,13.0,2,5,3850,2.29,,
0-9,0,64,97.0,50100,0.154,0.228,0.236,0.383,14,18,8,24,0.584,12.0,1,5,11550,2.49,,
0-10,0,35,110.6,38180,0.193,0.238,0.153,0.415,9,6,6,14,0.562,15.0,2,6,5395.0,1.85,,
1-1,1,33,134.0,49640,0.102,0.301,0.116,0.481,4,13,5,11,0.602,20.0,4,7,5750,2.92,,
1-2,1,41,106.0,49200,0.171,0.159,0.297,0.374,9,10,13,9,0.595,11.0,2,6,7825.0,1.5,,
1-3,1,36,109.0,41040,0.279,0.261,0.308,0.152,8,10,11,7,0.46,16.0,3,6,7415.0,0.38,,
1-4,1,39,130.0,55900,0.157,0.243,0.185,0.414,8,9,8,14,0.608,10.0,1,7,9150,2.18,,
1-6,1,79,169.0,103850,0.101,0.27,0.28,0.349,10,23,24,22,0.607,15.0,2,9,11000,2.15,,
1-7,1,41,112.0,60750,0.149,0.188,0.344,0.319,8,7,16,10,0.585,9.0,0,6,10550.0,1.62,,
1-8,1,46,127.1,60400,0.17,0.321,0.247,0.262,12,9,14,11,0.525,11.0,3,7,6600,0.64,,0.47
1-9,1,35,117.0,53590,0.108,0.137,0.271,0.485,4,5,12,14,0.67,19.0,3,6,7350.0,3.58,,
1-10,1,49,117.0,64660,0.224,0.127,0.296,0.353,14,7,18,10,0.599,19.0,3,6,8875.0,1.51,,
1-11,1,45,179.0,82590,0.263,0.204,0.261,0.272,9,10,13,13,0.506,23.0,5,9,10100,0.91,,0.0
1-12,1,30,143.0,66600,0.278,0.218,0.222,0.282,6,8,8,8,0.492,18.0,3,8,9250.0,0.63,,0.0
2-1,2,50,181.0,78040,0.246,0.201,0.172,0.381,13,11,9,17,0.542,23.0,2,10,8205.0,1.32,0.4,
2-2,2,51,163.7,112340,0.124,0.203,0.259,0.413,9,10,12,20,0.612,10.0,3,9,11350,2.39,0.6,
2-3,2,52,209.7,138250,0.163,0.26,0.242,0.335,11,14,11,16,0.549,15.0,5,11,10400,1.48,0.65,
2-4,2,26,146.0,49950,0.267,0.101,0.329,0.302,5,3,9,9,0.515,24.0,3,8,5975.0,0.61,0.0,
2-5,2,40,170.5,108150,0.322,0.105,0.209,0.363,8,7,12,13,0.512,23.0,6,9,10900,1.18,0.0,
2-6,2,54,168.0,108220,0.11,0.152,0.247,0.492,7,13,12,22,0.657,14.0,4,9,8720,3.24,,
2-7,2,58,163.0,115500,0.217,0.239,0.27,0.274,15,10,16,17,0.551,18.0,5,9,13000,0.87,,
2-9,2,52,183.0,67800,0.227,0.274,0.139,0.36,16,12,8,16,0.557,26.0,6,10,6750.0,1.18,,
3-2,3,67,165.0,135650,0.209,0.281,0.2,0.31,17,16,12,22,0.542,15.0,3,9,13500,1.24,,
3-3,3,50,172.7,144630,0.255,0.226,0.23,0.289,10,13,14,13,0.51,28.0,3,9,14080,1.05,0.78,0.02
3-5,3,64,165.0,149950,0.044,0.259,0.224,0.472,3,19,13,29,0.677,46.0,2,9,15100,3.77,0.94,
3-7,3,61,232.7,199200,0.113,0.204,0.247,0.435,11,16,17,17,0.626,23.0,6,12,13650.0,2.27,0.82,
3-8,3,63,199.0,218720,0.235,0.165,0.411,0.189,9,13,21,20,0.506,23.0,3,10,19670.0,1.07,0.66,0.0
4-1,4,64,198.0,144840,0.126,0.226,0.384,0.264,11,17,26,10,0.521,18.0,6,10,13310.0,1.2,0.76,
4-2,4,35,137.0,113300,0.16,0.087,0.302,0.45,7,2,14,12,0.682,23.0,2,7,13200,3.36,0.9,
4-5,4,40,167.0,164500,0.146,0.216,0.255,0.383,8,9,10,13,0.593,25.0,4,9,16000,1.59,0.8,
4-7,4,59,200.0,172440,0.331,0.166,0.172,0.332,22,11,12,14,0.482,28.0,6,11,17300,1.0,0.9,
4-8,4,30,160.0,172500,0.217,0.232,0.122,0.429,8,8,2,12,0.57,20.0,4,9,19050,1.31,0.66,
4-9,4,49,210.5,196130,0.119,0.283,0.301,0.298,8,19,11,11,0.555,25.0,8,11,16380,1.44,0.82,
4-10,4,43,237.5,179450,0.285,0.253,0.236,0.226,11,11,9,12,0.467,38.0,7,12,13500.0,0.75,0.59,0.0
5-1,5,43,160.0,158200,0.217,0.212,0.169,0.401,10,10,6,17,0.567,15.0,4,9,19500,1.35,0.71,
5-2,5,51,184.0,206700,0.187,0.215,0.175,0.423,12,13,11,15,0.588,13.0,5,10,19100.0,1.53,0.87,
5-3,5,52,218.0,234500,0.252,0.224,0.188,0.337,14,12,12,14,0.534,23.0,6,11,22000,1.34,0.89,
5-4,5,52,168.0,155500,0.123,0.196,0.244,0.437,6,12,14,20,0.621,25.0,5,9,11220,2.47,0.84,
5-6,5,76,311.0,276500,0.21,0.142,0.401,0.246,20,10,33,13,0.542,33.0,8,16,16100.0,1.12,0.61,
5-7,5,91,182.8,271400,0.209,0.182,0.194,0.416,27,21,17,26,0.605,19.0,4,10,21875.0,1.52,0.5,
5-8,5,53,185.0,212300,0.266,0.06,0.462,0.212,18,4,18,13,0.576,41.0,4,10,16350.0,0.8,0.74,
5-9,5,51,188.0,209600,0.137,0.273,0.303,0.286,9,14,16,12,0.555,18.0,8,10,17600.0,1.25,,
5-10,5,73,336.0,345000,0.286,0.18,0.217,0.317,19,11,23,20,0.498,22.0,10,17,16000,1.11,0.01,0.0
6-1,6,46,175.0,176400,0.132,0.256,0.306,0.306,7,12,13,14,0.585,13.0,6,9,19000,1.79,0.59,
6-2,6,55,198.0,255400,0.119,0.171,0.334,0.376,9,14,16,16,0.61,13.0,8,10,22400.0,2.61,0.73,
6-3,6,26,169.0,263500,0.057,0.211,0.334,0.398,6,7,6,7,0.661,15.0,9,9,26500,2.63,0.7,
6-4,6,55,152.0,215150,0.145,0.216,0.193,0.446,9,11,7,28,0.601,10.0,3,8,28775.0,1.87,0.59,
6-5,6,42,238.0,357000,0.119,0.245,0.294,0.342,9,12,10,11,0.601,23.0,8,12,23750.0,2.77,0.64,
6-7,6,45,214.0,295000,0.127,0.278,0.315,0.28,10,11,10,14,0.579,18.0,6,11,28500,2.06,0.57,0.57
6-8,6,36,137.0,111700,0.196,0.334,0.253,0.216,7,12,9,8,0.513,18.0,3,7,18100,1.08,,
6-9,6,48,158.0,171950,0.156,0.192,0.277,0.376,8,10,13,17,0.598,15.0,7,8,22575.0,2.41,,
6-10,6,41,174.2,153150,0.341,0.147,0.241,0.272,11,7,11,12,0.469,13.0,7,9,16350,0.83,0.02,
6-11,6,79,236.0,334000,0.224,0.168,0.219,0.39,17,16,19,27,0.553,23.0,6,12,27375.0,1.6,0.79,
6-12,6,76,168.0,196600,0.135,0.302,0.241,0.322,16,18,12,30,0.579,10.0,1,9,20950,1.63,,
6-14,6,48,191.0,160820,0.219,0.26,0.239,0.283,10,12,11,15,0.516,13.0,4,10,19150.0,1.18,0.51,
6-15,6,45,181.0,220750,0.21,0.252,0.255,0.283,14,12,12,7,0.53,18.0,6,10,23175.0,1.03,0.58,
6-16,6,50,312.0,325500,0.197,0.258,0.216,0.329,12,15,11,12,0.536,33.0,12,16,22950.0,1.24,0.74,0.0
7-2,7,51,167.0,196000,0.158,0.272,0.276,0.294,7,13,16,15,0.55,14.0,5,9,21400,1.02,,
7-3,7,47,230.0,369500,0.111,0.242,0.284,0.363,10,12,12,13,0.595,18.0,7,12,30000.0,1.72,0.66,
7-4,7,95,184.0,295900,0.251,0.183,0.208,0.358,24,17,20,34,0.535,8.0,0,10,27300.0,1.17,,
7-5,7,70,201.0,249500,0.158,0.224,0.206,0.412,13,16,15,26,0.593,16.0,6,11,22500,2.05,,
7-6,7,44,206.0,149400,0.195,0.224,0.22,0.361,10,10,7,17,0.56,23.0,9,11,12900,1.49,,
7-8,7,51,179.0,191300,0.168,0.22,0.197,0.416,8,11,12,20,0.596,11.0,2,9,15900,2.33,,
7-9,7,54,207.0,181900,0.243,0.221,0.253,0.283,11,12,14,17,0.524,21.0,3,11,17900,0.96,,
7-10,7,41,170.0,179500,0.227,0.219,0.244,0.31,10,8,9,14,0.529,18.0,3,9,19800,0.86,0.5,
7-11,7,35,193.0,147500,0.25,0.188,0.239,0.323,9,9,7,10,0.543,25.0,5,10,13250.0,1.26,0.84,
7-12,7,54,226.0,266200,0.157,0.198,0.265,0.38,9,13,13,19,0.59,15.0,3,12,22100.0,2.0,0.59,
7-13,7,49,183.0,191500,0.297,0.195,0.213,0.295,9,11,12,17,0.483,11.0,2,10,17250.0,0.84,0.0,
7-14,7,51,188.0,228300,0.163,0.166,0.262,0.408,11,8,13,19,0.605,17.0,5,10,21700.0,2.39,0.8,
7-15,7,48,197.0,213300,0.132,0.293,0.284,0.291,8,14,8,18,0.559,28.0,4,10,18850.0,1.24,0.82,
7-16,7,46,195.0,233400,0.368,0.186,0.203,0.243,11,10,11,14,0.43,17.0,4,10,18200.0,0.59,0.58,
7-17,7,37,211.0,222400,0.152,0.29,0.307,0.252,8,13,10,6,0.563,21.0,7,11,17900,1.27,0.62,
R8-1,8,56,187.0,189800,0.107,0.177,0.286,0.43,6,10,16,24,0.651,32.0,6,10,18750.0,3.02,,
R8-2,8,40,168.0,135800,0.124,0.3,0.15,0.425,5,12,6,17,0.606,15.0,5,9,13600,1.9,,
R8-3,8,79,169.0,284200,0.178,0.119,0.273,0.43,11,10,23,35,0.613,33.0,5,9,38500,1.88,,0.0
R8-4,8,57,160.0,197000,0.118,0.226,0.265,0.39,7,13,15,22,0.621,10.0,3,9,21100,1.92,,
R8-5,8,82,216.0,352300,0.206,0.123,0.325,0.347,18,8,26,30,0.586,32.0,5,11,29700,1.84,0.65,0.0
R8-6,8,69,193.0,326700,0.303,0.163,0.233,0.301,22,13,17,17,0.504,10.0,4,10,28000.0,0.97,0.83,0.02
R8-7,8,35,208.0,134000,0.326,0.125,0.222,0.327,10,5,8,12,0.515,33.0,5,11,10000,1.0,0.0,
R8-8,8,22,280.0,162000,0.605,0.074,0.173,0.148,9,3,4,6,0.271,60.0,8,15,4000,0.24,0.0,0.0
M8-6,8,77,217.0,1253500,0.208,0.215,0.248,0.328,19,16,19,23,0.571,15.0,4,11,120000,1.58,0.6,
R8-9,8,64,207.0,274700,0.301,0.184,0.236,0.278,14,15,16,19,0.476,13.0,3,11,20200,0.82,0.0,
R8-10,8,43,173.0,198400,0.117,0.177,0.353,0.352,7,8,16,12,0.606,20.0,5,9,21600,2.03,0.71,
M8-7,8,48,154.0,240000,0.196,0.204,0.196,0.404,13,11,7,17,0.573,18.0,3,8,24750.0,2.06,0.66,
R8-11,8,52,274.0,374600,0.802,0.092,0.074,0.032,31,10,8,3,0.146,80.0,3,14,11300.0,0.04,0.02,0.0
JT8-1,8,8,15.5,39500,0.62,0.0,0.0,0.38,7,0,0,1,0.38,15.5,1,1,39500,1.0,,
JT8-2,8,32,187.0,233600,0.354,0.145,0.09,0.411,8,10,6,8,0.503,40.0,6,10,15750.0,0.94,1.0,0.0
