kind,key,name,first_code,via
敌人能力类别,飞行/悬浮,飞行/悬浮,0-3,妖怪
特殊地块,tile_flystart,空袭侵入点,0-3,
特殊地块,tile_fence,围栏,1-2,
预置装置/单位,trap_002_emp,震撼装置,1-7,
敌人能力类别,法术攻击,法术攻击,1-8,术师
敌人能力类别,阻挡规则,阻挡规则,1-8,弑君者
敌人能力类别,自身强化（狂暴/条件提升）,自身强化（狂暴/条件提升）,1-11,W
预置装置/单位,char_211_adnach,安德切尔,1-11,
特殊地块,tile_telin,通道入口,1-12,
特殊地块,tile_telout,通道出口,1-12,
敌人能力类别,范围/多目标/远距,范围/多目标/远距,2-4,高阶术师
敌人能力类别,召唤/生成/从场中出现,召唤/生成/从场中出现,2-6,空降兵
特殊地块,tile_hole,地穴,2-7,
特殊地块,tile_bigforce,特种战术点,2-8,
特殊地块,tile_gazebo,防空符文,2-8,
特殊地块,tile_healing,医疗符文,2-10,
敌人能力类别,隐匿/隐形,隐匿/隐形,3-1,潜伏者
特殊地块,tile_grass,草丛,3-1,
预置装置/单位,trap_005_sensor,侦测器,S3-3,
特殊地块,tile_defup,防御符文,3-8,
特殊地块,tile_infection,活性源石,S4-2,
敌人能力类别,死亡触发,死亡触发,S4-6,高能源石虫
特殊地块,tile_volcano,热泵通道,4-6,
敌人能力类别,削弱我方属性,削弱我方属性,4-10,霜星
敌人能力类别,减伤/护盾/无敌/抵抗,减伤/护盾/无敌/抵抗,4-10,霜星
敌人能力类别,重生/复活,重生/复活,4-10,霜星
敌人能力类别,控制我方（晕眩/冻结/沉默/束缚等）,控制我方（晕眩/冻结/沉默/束缚等）,4-10,霜星
敌人能力类别,生命自然回复/流失,生命自然回复/流失,S5-5,宿主士兵
预置装置/单位,trap_007_ballis,弩炮,S5-5,
敌人能力类别,移动规则（加速/冲刺/闪现/传送）,移动规则（加速/冲刺/闪现/传送）,5-4,暴鸰
敌人能力类别,支援友军（治疗/光环）,支援友军（治疗/光环）,5-10,梅菲斯特
预置装置/单位,trap_010_frosts,源石冰晶,S6-4,
敌人能力类别,多形态/阶段,多形态/阶段,6-16,霜星，“冬痕”
预置装置/单位,char_002_amiya,阿米娅,6-17,
预置装置/单位,char_017_huang,煌,6-17,
预置装置/单位,char_367_swllow,灰喉,6-17,
预置装置/单位,trap_012_mine,干扰地雷,S7-1,
预置装置/单位,trap_011_ore,源石祭坛,S7-2,
预置装置/单位,trap_020_roadblock,道路障碍物,R8-1,
敌人能力类别,不扣生命/不计歼灭,不扣生命/不计歼灭,R8-2,乌萨斯平民
预置装置/单位,trap_022_frosts_friend,霜星的源石冰晶,R8-5,
预置装置/单位,trap_023_ore_friend,爱国者的源石祭坛,R8-6,
预置装置/单位,char_391_rosmon,迷迭香,M8-6,
预置装置/单位,trap_024_npcsld,盾卫,M8-6,
预置装置/单位,trap_021_flame,能量聚合体,JT8-3,
