chapter,stages,rows,cols,melee_tiles,ranged_tiles,starts,spawn_points_used,lanes_used,routes_used,waves,enemies,enemy_kinds,total_hp,max_hp,spawn_span_s,mean_gap_s,peak_in_10s,initialCost,characterLimit,maxLifePoint,cost_income,hp_per_cost,new_enemy_count,apCost,elite_share,boss_stages,multi_wave_stages
0,11,7,10,20,14,2,2,2,15,1,24,3,19560,1700,101.8,4.03,6,10,8,15,109.8,199.6,1,6,0.0,0,3
1,12,7.0,11.0,28.0,14.0,3.0,3.0,3.0,26.0,1.0,41.0,6.0,60575.0,5000.0,132.55,3.08,8.0,10.0,8.0,9.0,142.55,424.25,0.0,6.0,0.0,3,1
2,10,7.5,11.0,27.0,10.0,2.0,6.0,6.5,28.5,1.0,51.5,7.0,110280.0,6500.0,175.0,3.77,7.5,10.0,8.0,5.0,185.0,601.85,1.0,12.0,0.072,1,2
3,8,8.0,11.0,29.0,12.0,3.0,3.0,3.5,33.5,1.0,63.5,8.5,156750.0,12000.0,177.0,3.12,9.5,10.0,8.0,3.0,187.0,828.65,1.0,15.0,0.074,3,3
4,10,7.0,11.0,27.0,12.0,2.5,3.0,3.5,27.5,1.0,51.0,7.0,172675.0,10500.0,199.0,4.15,7.5,10.0,8.0,3.0,209.0,843.5,0.0,18.0,0.169,2,3
5,10,8.0,12.0,29.0,7.5,3.5,4.5,6.0,34.0,1.0,52.5,5.0,223400.0,12000.0,190.5,3.81,8.5,10.0,8.0,3.0,200.5,1028.0,0.0,18.0,0.077,1,1
6,15,8,11,16,9,3,3,3,27,1,46,5,215150,16000,183.0,4.1,6,10,8,3,193.0,1112.05,1,18,0.13,3,1
7,16,8.0,11.0,19.5,9.0,3.0,4.0,4.5,28.0,1.0,48.5,5.5,217850.0,11500.0,199.5,4.25,6.5,10.0,8.0,3.0,209.5,1006.45,0.0,18.0,0.142,1,1
8,17,8,11,21,9,3,8,8,32,1,52,4,240000,15000,193.0,3.4,8,10,8,3,203.0,1265.9,1,18,0.201,8,2
