keys,zh_CN
ui.menu.title,东方守幻录
ui.menu.subtitle,东方 Project 二次创作
ui.menu.english_title,Touhou Tower Defense
ui.menu.chapter,CHAPTER 0
ui.menu.prologue_title,幻想的序章
ui.menu.prologue_english,Prologue of Gensokyo
ui.menu.start,开始
ui.menu.version,v%s
ui.battle.spirit,灵力 %d
ui.battle.life,生命 %d/%d
ui.battle.speed,倍速 ×%d
ui.battle.deploy,布阵 %d 秒
ui.battle.victory,胜利
ui.battle.defeat,失败
ui.battle.wave_final,第 %d/%d 波\n最后一波
ui.battle.wave_next,第 %d/%d 波\n下一波 %d 秒
ui.battle.wave,第 %d/%d 波
ui.battle.start,出击 +%d
ui.battle.hint_default,先点亮色格子，再点下面的角色。中段两格最合适。
ui.battle.hint_pick_cell,先点亮色格子。
ui.battle.hint_pick_character,再点下面的角色，放到这一格。
ui.battle.hint_place_failed,放不下。要亮色格子，并且灵力够。
ui.battle.unit_level,%s  %d 级
ui.battle.upgrade_max,已满级
ui.battle.upgrade,升级 %d
ui.battle.sell,出售 +%d
ui.battle.close,关闭
ui.battle.result_win,守住了
ui.battle.result_lose,失守了
ui.battle.result_body,%s\n生命 %d/%d    灵力 %d
ui.battle.retry,再打一次
ui.battle.continue,继续
ui.originals.back,返回
ui.originals.server,服务器
ui.originals.notice,公告
ui.originals.gacha,抽卡
ui.originals.stamina,体力
ui.originals.gear,装备
char.reimu.name,灵梦
char.marisa.name,魔理沙
char.cirno.name,琪露诺
char.daiyousei.name,大妖精
char.meiling.name,美铃
char.sakuya.name,咲夜
char.remilia.name,蕾米莉亚
char.keine.name,慧音
char.mokou.name,妹红
char.aya.name,文
char.sanae.name,早苗
char.yukari.name,紫
char.wasure.name,忘
enemy.shade_basic.name,小残影
enemy.shade_fast.name,快残影
enemy.shade_armored.name,硬残影
enemy.shade_heavy.name,重残影
enemy.shade_swarm.name,群残影
enemy.shade_pouncer.name,扑人残影
enemy.shade_flying.name,飞行残影
enemy.shade_phantom.name,遗忘残影
enemy.shade_heap.name,堆积残影
enemy.shade_rift.name,结界残影
level.prototype_01.name,两条裂缝
level.prologue_01.name,神社的直路
ui.pre_video.skip,跳过
dlg.prologue_01.pre_video.001,灵梦！缝里漏出来的灰烟，全往后山飘啦！
dlg.prologue_01.pre_video.002,大半夜的……我本来都钻进被窝了。
dlg.prologue_01.pre_video.003,结界的异变，看来要从樱之回廊查起。
dlg.prologue_01.pre_video.004,那条弯弯绕绕的樱花路？我熟啦！
dlg.prologue_01.pre_video.005,你熟，是因为老从那边溜进来借东西吧。
dlg.prologue_01.pre_video.006,不是偷，是借！
dlg.prologue_01.pre_video.007,哎呀，巫女小姐居然肯在夜里干活。今晚的月亮可得记下来。
dlg.prologue_01.pre_video.008,紫。你知道些什么，就直说。
dlg.prologue_01.pre_video.009,直说多没意思。……不过，灰影子最喜欢被人记着的地方哦。
dlg.prologue_01.pre_video.010,回廊上的樱花开了几百年，被记住的东西，可多着呢。
dlg.prologue_01.pre_video.011,……说完就溜，连隙间都关得这么快。
dlg.prologue_01.pre_video.012,来了来了！灰影子顺着回廊冲过来啦！
dlg.prologue_01.pre_video.013,回廊尽头就是神社。……一只都别放过去。
